hh_id,hh_size,country
HH1,2,IT
HH10,3,IT
HH100,3,IT
HH1000,4,IT
HH1001,2,IT
HH1002,1,IT
HH1003,3,IT
HH1004,2,IT
HH1005,2,IT
HH1006,4,IT
HH1007,2,IT
HH1008,2,IT
HH1009,1,IT
HH101,4,IT
HH1010,2,IT
HH1011,3,IT
HH1012,5,IT
HH1013,1,IT
HH1014,3,IT
HH1015,2,IT
HH1016,3,IT
HH1017,1,IT
HH1018,3,IT
HH1019,2,IT
HH102,3,IT
HH1020,3,IT
HH1021,3,IT
HH1022,5,IT
HH1023,3,IT
HH1024,3,IT
HH1025,4,IT
HH1026,2,IT
HH1027,3,IT
HH1028,2,IT
HH1029,4,IT
HH103,2,IT
HH1030,3,IT
HH1031,3,IT
HH1032,3,IT
HH1033,3,IT
HH1034,3,IT
HH1035,2,IT
HH1036,4,IT
HH1037,4,IT
HH1038,5,IT
HH1039,2,IT
HH104,2,IT
HH1040,2,IT
HH1041,2,IT
HH1042,2,IT
HH1043,3,IT
HH1044,3,IT
HH1045,2,IT
HH1046,5,IT
HH1047,5,IT
HH1048,1,IT
HH1049,4,IT
HH105,3,IT
HH1050,4,IT
HH1051,1,IT
HH1052,4,IT
HH1053,4,IT
HH1054,3,IT
HH1055,2,IT
HH1056,4,IT
HH1057,4,IT
HH1058,2,IT
HH1059,2,IT
HH106,3,IT
HH1060,3,IT
HH1061,1,IT
HH1062,1,IT
HH1063,3,IT
HH1064,3,IT
HH1065,3,IT
HH1066,4,IT
HH1067,4,IT
HH1068,3,IT
HH1069,3,IT
HH107,3,IT
HH1070,3,IT
HH1071,2,IT
HH1072,1,IT
HH1073,2,IT
HH1074,2,IT
HH1075,3,IT
HH1076,3,IT
HH1077,1,IT
HH1078,2,IT
HH1079,3,IT
HH108,3,IT
HH1080,1,IT
HH1081,4,IT
HH1082,1,IT
HH1083,5,IT
HH1084,1,IT
HH1085,2,IT
HH1086,4,IT
HH1087,3,IT
HH1088,3,IT
HH1089,4,IT
HH109,3,IT
HH1090,2,IT
HH1091,5,IT
HH1092,2,IT
HH1093,3,IT
HH1094,5,IT
HH1095,2,IT
HH1096,4,IT
HH1097,3,IT
HH1098,3,IT
HH1099,1,IT
HH11,4,IT
HH110,2,IT
HH1100,4,IT
HH1101,4,IT
HH1102,4,IT
HH1103,3,IT
HH1104,5,IT
HH1105,2,IT
HH1106,2,IT
HH1107,3,IT
HH1108,3,IT
HH1109,4,IT
HH111,1,IT
HH1110,2,IT
HH1111,2,IT
HH1112,2,IT
HH1113,3,IT
HH1114,2,IT
HH1115,2,IT
HH1116,4,IT
HH1117,2,IT
HH1118,2,IT
HH1119,2,IT
HH112,4,IT
HH1120,3,IT
HH1121,2,IT
HH1122,4,IT
HH1123,2,IT
HH1124,2,IT
HH1125,4,IT
HH1126,3,IT
HH1127,2,IT
HH1128,2,IT
HH1129,2,IT
HH113,3,IT
HH1130,4,IT
HH1131,1,IT
HH1132,1,IT
HH1133,1,IT
HH1134,3,IT
HH1135,2,IT
HH1136,4,IT
HH1137,3,IT
HH1138,4,IT
HH1139,3,IT
HH114,2,IT
HH1140,3,IT
HH1141,1,IT
HH1142,2,IT
HH1143,1,IT
HH1144,2,IT
HH1145,1,IT
HH1146,1,IT
HH1147,4,IT
HH1148,4,IT
HH1149,1,IT
HH115,2,IT
HH1150,3,IT
HH1151,3,IT
HH1152,2,IT
HH1153,2,IT
HH1154,3,IT
HH1155,2,IT
HH1156,3,IT
HH1157,2,IT
HH1158,3,IT
HH1159,1,IT
HH116,3,IT
HH1160,2,IT
HH1161,1,IT
HH1162,2,IT
HH1163,1,IT
HH1164,3,IT
HH1165,2,IT
HH1166,3,IT
HH1167,1,IT
HH1168,1,IT
HH1169,4,IT
HH117,4,IT
HH1170,3,IT
HH1171,4,IT
HH1172,3,IT
HH1173,2,IT
HH1174,4,IT
HH1175,2,IT
HH1176,4,IT
HH1177,4,IT
HH1178,4,IT
HH1179,2,IT
HH118,3,IT
HH1180,2,IT
HH1181,2,IT
HH1182,2,IT
HH1183,4,IT
HH1184,3,IT
HH1185,1,IT
HH1186,4,IT
HH1187,3,IT
HH1188,2,IT
HH1189,1,IT
HH119,3,IT
HH1190,5,IT
HH1191,2,IT
HH1192,5,IT
HH1193,1,IT
HH1194,2,IT
HH1195,3,IT
HH1196,3,IT
HH1197,3,IT
HH1198,2,IT
HH1199,3,IT
HH12,3,IT
HH120,4,IT
HH1200,2,IT
HH1201,4,IT
HH1202,3,IT
HH1203,2,IT
HH1204,3,IT
HH1205,3,IT
HH1206,1,IT
HH1207,2,IT
HH1208,3,IT
HH1209,4,IT
HH121,3,IT
HH1210,1,IT
HH1211,4,IT
HH1212,4,IT
HH1213,2,IT
HH1214,3,IT
HH1215,2,IT
HH1216,2,IT
HH1217,4,IT
HH1218,5,IT
HH1219,4,IT
HH122,2,IT
HH1220,4,IT
HH1221,2,IT
HH1222,3,IT
HH1223,3,IT
HH1224,3,IT
HH1225,5,IT
HH1226,1,IT
HH1227,4,IT
HH1228,3,IT
HH1229,5,IT
HH123,4,IT
HH1230,3,IT
HH1231,3,IT
HH1232,3,IT
HH1233,3,IT
HH1234,3,IT
HH1235,3,IT
HH1236,3,IT
HH1237,2,IT
HH1238,1,IT
HH1239,3,IT
HH124,3,IT
HH1240,3,IT
HH1241,3,IT
HH1242,2,IT
HH1243,4,IT
HH1244,4,IT
HH1245,3,IT
HH1246,2,IT
HH1247,4,IT
HH1248,4,IT
HH1249,3,IT
HH125,2,IT
HH1250,4,IT
HH1251,2,IT
HH1252,3,IT
HH1253,2,IT
HH1254,2,IT
HH1255,3,IT
HH1256,5,IT
HH1257,1,IT
HH1258,3,IT
HH1259,4,IT
HH126,6,IT
HH1260,4,IT
HH1261,3,IT
HH1262,3,IT
HH1263,2,IT
HH1264,5,IT
HH1265,4,IT
HH1266,4,IT
HH1267,3,IT
HH1268,2,IT
HH1269,3,IT
HH127,3,IT
HH1270,4,IT
HH1271,4,IT
HH1272,2,IT
HH1273,2,IT
HH1274,3,IT
HH1275,2,IT
HH1276,3,IT
HH1277,4,IT
HH1278,3,IT
HH1279,3,IT
HH128,4,IT
HH1280,1,IT
HH1281,4,IT
HH1282,3,IT
HH1283,6,IT
HH1284,1,IT
HH1285,4,IT
HH1286,3,IT
HH1287,3,IT
HH1288,2,IT
HH1289,4,IT
HH129,4,IT
HH1290,3,IT
HH1291,4,IT
HH1292,2,IT
HH1293,4,IT
HH1294,2,IT
HH1295,3,IT
HH1296,3,IT
HH1297,2,IT
HH1298,2,IT
HH1299,3,IT
HH13,2,IT
HH130,1,IT
HH1300,4,IT
HH1301,3,IT
HH1302,2,IT
HH1303,3,IT
HH1304,2,IT
HH1305,4,IT
HH1306,5,IT
HH1307,5,IT
HH1308,3,IT
HH1309,2,IT
HH131,1,IT
HH1310,3,IT
HH1311,5,IT
HH1312,4,IT
HH1313,4,IT
HH1314,3,IT
HH1315,3,IT
HH1316,3,IT
HH1317,1,IT
HH1318,2,IT
HH1319,1,IT
HH132,2,IT
HH1320,4,IT
HH1321,2,IT
HH1322,3,IT
HH1323,4,IT
HH1324,1,IT
HH1325,3,IT
HH1326,1,IT
HH1327,5,IT
HH1328,4,IT
HH1329,4,IT
HH133,2,IT
HH1330,2,IT
HH1331,4,IT
HH1332,3,IT
HH1333,2,IT
HH1334,1,IT
HH1335,1,IT
HH1336,3,IT
HH1337,4,IT
HH1338,1,IT
HH1339,1,IT
HH134,3,IT
HH1340,3,IT
HH1341,6,IT
HH1342,1,IT
HH1343,1,IT
HH1344,4,IT
HH1345,4,IT
HH1346,1,IT
HH1347,4,IT
HH1348,5,IT
HH1349,2,IT
HH135,3,IT
HH1350,5,IT
HH1351,2,IT
HH1352,3,IT
HH1353,3,IT
HH1354,1,IT
HH1355,4,IT
HH1356,3,IT
HH1357,3,IT
HH1358,2,IT
HH1359,2,IT
HH136,3,IT
HH1360,3,IT
HH1361,3,IT
HH1362,2,IT
HH1363,2,IT
HH1364,2,IT
HH1365,3,IT
HH1366,2,IT
HH1367,4,IT
HH1368,3,IT
HH1369,4,IT
HH137,4,IT
HH1370,2,IT
HH1371,2,IT
HH1372,2,IT
HH1373,4,IT
HH1374,1,IT
HH1375,3,IT
HH1376,2,IT
HH1377,3,IT
HH1378,1,IT
HH1379,1,IT
HH138,3,IT
HH1380,4,IT
HH1381,4,IT
HH1382,1,IT
HH1383,2,IT
HH1384,2,IT
HH1385,2,IT
HH1386,4,IT
HH1387,1,IT
HH1388,3,IT
HH1389,3,IT
HH139,2,IT
HH1390,2,IT
HH1391,4,IT
HH1392,1,IT
HH1393,2,IT
HH1394,3,IT
HH1395,2,IT
HH1396,1,IT
HH1397,1,IT
HH1398,1,IT
HH1399,2,IT
HH14,3,IT
HH140,2,IT
HH1400,4,IT
HH1401,4,IT
HH1402,3,IT
HH1403,3,IT
HH1404,4,IT
HH1405,4,IT
HH1406,3,IT
HH1407,4,IT
HH1408,2,IT
HH1409,4,IT
HH141,2,IT
HH1410,2,IT
HH1411,3,IT
HH1412,4,IT
HH1413,3,IT
HH1414,1,IT
HH1415,4,IT
HH1416,2,IT
HH1417,3,IT
HH1418,3,IT
HH1419,4,IT
HH142,3,IT
HH1420,3,IT
HH1421,3,IT
HH1422,4,IT
HH1423,4,IT
HH1424,1,IT
HH1425,2,IT
HH1426,2,IT
HH1427,2,IT
HH1428,2,IT
HH1429,4,IT
HH143,1,IT
HH1430,3,IT
HH1431,4,IT
HH1432,4,IT
HH1433,4,IT
HH1434,3,IT
HH1435,5,IT
HH1436,2,IT
HH1437,3,IT
HH1438,2,IT
HH1439,1,IT
HH144,4,IT
HH1440,4,IT
HH1441,1,IT
HH1442,6,IT
HH1443,3,IT
HH1444,3,IT
HH1445,3,IT
HH1446,3,IT
HH1447,1,IT
HH1448,3,IT
HH1449,3,IT
HH145,2,IT
HH1450,4,IT
HH1451,2,IT
HH1452,4,IT
HH1453,2,IT
HH1454,3,IT
HH1455,3,IT
HH1456,4,IT
HH1457,6,IT
HH1458,4,IT
HH1459,4,IT
HH146,2,IT
HH1460,3,IT
HH1461,1,IT
HH1462,1,IT
HH1463,2,IT
HH1464,1,IT
HH1465,4,IT
HH1466,2,IT
HH1467,5,IT
HH1468,3,IT
HH1469,1,IT
HH147,3,IT
HH1470,2,IT
HH1471,3,IT
HH1472,2,IT
HH1473,2,IT
HH1474,1,IT
HH1475,4,IT
HH1476,4,IT
HH1477,2,IT
HH1478,1,IT
HH1479,5,IT
HH148,4,IT
HH1480,3,IT
HH1481,3,IT
HH1482,1,IT
HH1483,1,IT
HH1484,3,IT
HH1485,3,IT
HH1486,2,IT
HH1487,5,IT
HH1488,2,IT
HH1489,1,IT
HH149,4,IT
HH1490,3,IT
HH1491,3,IT
HH1492,4,IT
HH1493,5,IT
HH1494,2,IT
HH1495,3,IT
HH1496,2,IT
HH1497,4,IT
HH1498,1,IT
HH1499,4,IT
HH15,2,IT
HH150,5,IT
HH1500,3,IT
HH1501,2,IT
HH1502,3,IT
HH1503,4,IT
HH1504,2,IT
HH1505,4,IT
HH1506,3,IT
HH1507,1,IT
HH1508,3,IT
HH1509,4,IT
HH151,2,IT
HH1510,2,IT
HH1511,2,IT
HH1512,2,IT
HH1513,4,IT
HH1514,2,IT
HH1515,3,IT
HH1516,2,IT
HH1517,4,IT
HH1518,2,IT
HH1519,3,IT
HH152,4,IT
HH1520,3,IT
HH1521,1,IT
HH1522,2,IT
HH1523,3,IT
HH1524,2,IT
HH1525,2,IT
HH1526,3,IT
HH1527,4,IT
HH1528,2,IT
HH1529,2,IT
HH153,1,IT
HH1530,4,IT
HH1531,2,IT
HH1532,1,IT
HH1533,3,IT
HH1534,3,IT
HH1535,1,IT
HH1536,4,IT
HH1537,2,IT
HH1538,3,IT
HH1539,3,IT
HH154,2,IT
HH1540,1,IT
HH1541,1,IT
HH1542,3,IT
HH1543,1,IT
HH1544,4,IT
HH1545,1,IT
HH1546,1,IT
HH1547,1,IT
HH1548,4,IT
HH1549,1,IT
HH155,4,IT
HH1550,5,IT
HH1551,2,IT
HH1552,2,IT
HH1553,3,IT
HH1554,1,IT
HH1555,2,IT
HH1556,1,IT
HH1557,3,IT
HH1558,2,IT
HH1559,3,IT
HH156,4,IT
HH1560,3,IT
HH1561,3,IT
HH1562,3,IT
HH1563,3,IT
HH1564,1,IT
HH1565,4,IT
HH1566,2,IT
HH1567,3,IT
HH1568,4,IT
HH1569,2,IT
HH157,3,IT
HH1570,2,IT
HH1571,3,IT
HH1572,3,IT
HH1573,2,IT
HH1574,4,IT
HH1575,2,IT
HH1576,1,IT
HH1577,1,IT
HH1578,2,IT
HH1579,2,IT
HH158,1,IT
HH1580,4,IT
HH1581,2,IT
HH1582,3,IT
HH1583,2,IT
HH1584,3,IT
HH1585,4,IT
HH1586,4,IT
HH1587,2,IT
HH1588,2,IT
HH1589,1,IT
HH159,3,IT
HH1590,1,IT
HH1591,2,IT
HH1592,1,IT
HH1593,2,IT
HH1594,1,IT
HH1595,4,IT
HH1596,2,IT
HH1597,2,IT
HH1598,3,IT
HH1599,3,IT
HH16,1,IT
HH160,2,IT
HH1600,4,IT
HH1601,3,IT
HH1602,2,IT
HH1603,2,IT
HH1604,2,IT
HH1605,2,IT
HH1606,3,IT
HH1607,3,IT
HH1608,2,IT
HH1609,2,IT
HH161,3,IT
HH1610,2,IT
HH1611,2,IT
HH1612,2,IT
HH1613,2,IT
HH1614,3,IT
HH1615,1,IT
HH1616,2,IT
HH1617,3,IT
HH1618,2,IT
HH1619,3,IT
HH162,3,IT
HH1620,3,IT
HH1621,1,IT
HH1622,3,IT
HH1623,3,IT
HH1624,2,IT
HH1625,2,IT
HH1626,2,IT
HH1627,1,IT
HH1628,1,IT
HH1629,3,IT
HH163,1,IT
HH1630,2,IT
HH1631,1,IT
HH1632,2,IT
HH1633,3,IT
HH1634,4,IT
HH1635,5,IT
HH1636,4,IT
HH1637,2,IT
HH1638,2,IT
HH1639,3,IT
HH164,2,IT
HH1640,2,IT
HH1641,4,IT
HH1642,4,IT
HH1643,2,IT
HH1644,2,IT
HH1645,2,IT
HH1646,2,IT
HH1647,3,IT
HH1648,1,IT
HH1649,1,IT
HH165,1,IT
HH1650,2,IT
HH1651,4,IT
HH1652,1,IT
HH1653,2,IT
HH1654,3,IT
HH1655,4,IT
HH1656,2,IT
HH1657,4,IT
HH1658,3,IT
HH1659,3,IT
HH166,3,IT
HH1660,4,IT
HH1661,5,IT
HH1662,4,IT
HH1663,2,IT
HH1664,1,IT
HH1665,4,IT
HH1666,2,IT
HH1667,4,IT
HH1668,1,IT
HH1669,3,IT
HH167,4,IT
HH1670,4,IT
HH1671,3,IT
HH1672,2,IT
HH1673,3,IT
HH1674,4,IT
HH1675,4,IT
HH1676,1,IT
HH1677,3,IT
HH1678,1,IT
HH1679,3,IT
HH168,4,IT
HH1680,3,IT
HH1681,4,IT
HH1682,3,IT
HH1683,2,IT
HH1684,1,IT
HH1685,3,IT
HH1686,3,IT
HH1687,3,IT
HH1688,3,IT
HH1689,4,IT
HH169,2,IT
HH1690,5,IT
HH1691,4,IT
HH1692,2,IT
HH1693,1,IT
HH1694,2,IT
HH1695,3,IT
HH1696,3,IT
HH1697,4,IT
HH1698,4,IT
HH1699,5,IT
HH17,4,IT
HH170,1,IT
HH1700,2,IT
HH1701,2,IT
HH1702,2,IT
HH1703,3,IT
HH1704,3,IT
HH1705,2,IT
HH1706,3,IT
HH1707,5,IT
HH1708,2,IT
HH1709,5,IT
HH171,3,IT
HH1710,2,IT
HH1711,1,IT
HH1712,5,IT
HH1713,2,IT
HH1714,2,IT
HH1715,1,IT
HH1716,2,IT
HH1717,1,IT
HH1718,2,IT
HH1719,1,IT
HH172,4,IT
HH1720,2,IT
HH1721,2,IT
HH1722,2,IT
HH1723,3,IT
HH1724,3,IT
HH1725,2,IT
HH1726,2,IT
HH1727,2,IT
HH1728,3,IT
HH1729,4,IT
HH173,3,IT
HH1730,3,IT
HH1731,2,IT
HH1732,1,IT
HH1733,2,IT
HH1734,2,IT
HH1735,3,IT
HH1736,2,IT
HH1737,2,IT
HH1738,4,IT
HH1739,1,IT
HH174,4,IT
HH1740,2,IT
HH1741,2,IT
HH1742,1,IT
HH1743,1,IT
HH1744,1,IT
HH1745,2,IT
HH1746,1,IT
HH1747,3,IT
HH1748,1,IT
HH1749,3,IT
HH175,3,IT
HH1750,4,IT
HH1751,3,IT
HH1752,3,IT
HH1753,2,IT
HH1754,1,IT
HH1755,2,IT
HH1756,2,IT
HH1757,1,IT
HH1758,4,IT
HH1759,4,IT
HH176,2,IT
HH1760,2,IT
HH1761,2,IT
HH1762,4,IT
HH1763,2,IT
HH1764,3,IT
HH1765,3,IT
HH1766,2,IT
HH1767,1,IT
HH1768,1,IT
HH1769,3,IT
HH177,2,IT
HH1770,2,IT
HH1771,1,IT
HH1772,2,IT
HH1773,2,IT
HH1774,1,IT
HH1775,2,IT
HH1776,2,IT
HH1777,3,IT
HH1778,5,IT
HH1779,1,IT
HH178,1,IT
HH1780,3,IT
HH1781,2,IT
HH1782,2,IT
HH1783,3,IT
HH1784,5,IT
HH1785,2,IT
HH1786,2,IT
HH1787,2,IT
HH1788,1,IT
HH1789,1,IT
HH179,3,IT
HH1790,3,IT
HH1791,2,IT
HH1792,3,IT
HH1793,4,IT
HH1794,1,IT
HH1795,1,IT
HH1796,2,IT
HH1797,2,IT
HH1798,3,IT
HH1799,1,IT
HH18,3,IT
HH180,4,IT
HH1800,3,IT
HH1801,4,IT
HH1802,3,IT
HH1803,4,IT
HH1804,3,IT
HH1805,2,IT
HH1806,2,IT
HH1807,1,IT
HH1808,3,IT
HH1809,6,IT
HH181,2,IT
HH1810,2,IT
HH1811,2,IT
HH1812,4,IT
HH1813,3,IT
HH1814,4,IT
HH1815,2,IT
HH1816,2,IT
HH1817,4,IT
HH1818,4,IT
HH1819,2,IT
HH182,1,IT
HH1820,3,IT
HH1821,4,IT
HH1822,3,IT
HH1823,4,IT
HH1824,3,IT
HH1825,1,IT
HH1826,1,IT
HH1827,4,IT
HH1828,2,IT
HH1829,2,IT
HH183,5,IT
HH1830,3,IT
HH1831,4,IT
HH1832,3,IT
HH1833,3,IT
HH1834,1,IT
HH1835,3,IT
HH1836,2,IT
HH1837,2,IT
HH1838,3,IT
HH1839,2,IT
HH184,2,IT
HH1840,2,IT
HH1841,2,IT
HH1842,3,IT
HH1843,4,IT
HH1844,1,IT
HH1845,2,IT
HH1846,5,IT
HH1847,2,IT
HH1848,2,IT
HH1849,3,IT
HH185,6,IT
HH1850,4,IT
HH1851,2,IT
HH1852,2,IT
HH1853,1,IT
HH1854,2,IT
HH1855,2,IT
HH1856,3,IT
HH1857,1,IT
HH1858,2,IT
HH1859,2,IT
HH186,2,IT
HH1860,2,IT
HH1861,2,IT
HH1862,2,IT
HH1863,2,IT
HH1864,2,IT
HH1865,2,IT
HH1866,1,IT
HH1867,2,IT
HH1868,2,IT
HH1869,3,IT
HH187,5,IT
HH1870,1,IT
HH1871,2,IT
HH1872,3,IT
HH1873,2,IT
HH1874,3,IT
HH1875,5,IT
HH1876,2,IT
HH1877,1,IT
HH1878,2,IT
HH1879,1,IT
HH188,1,IT
HH1880,1,IT
HH1881,3,IT
HH1882,2,IT
HH1883,3,IT
HH1884,2,IT
HH1885,2,IT
HH1886,2,IT
HH1887,2,IT
HH1888,2,IT
HH1889,2,IT
HH189,4,IT
HH1890,2,IT
HH1891,2,IT
HH1892,2,IT
HH1893,2,IT
HH1894,4,IT
HH1895,1,IT
HH1896,2,IT
HH1897,2,IT
HH1898,1,IT
HH1899,3,IT
HH19,2,IT
HH190,3,IT
HH1900,1,IT
HH1901,1,IT
HH1902,2,IT
HH1903,2,IT
HH1904,3,IT
HH1905,2,IT
HH1906,1,IT
HH1907,2,IT
HH1908,1,IT
HH1909,3,IT
HH191,2,IT
HH1910,1,IT
HH1911,2,IT
HH1912,2,IT
HH1913,3,IT
HH1914,5,IT
HH1915,2,IT
HH1916,2,IT
HH1917,2,IT
HH1918,2,IT
HH1919,2,IT
HH192,3,IT
HH1920,4,IT
HH1921,1,IT
HH1922,2,IT
HH1923,3,IT
HH1924,3,IT
HH1925,2,IT
HH1926,5,IT
HH1927,2,IT
HH1928,2,IT
HH1929,1,IT
HH193,5,IT
HH1930,2,IT
HH1931,2,IT
HH1932,3,IT
HH1933,1,IT
HH1934,1,IT
HH1935,2,IT
HH1936,3,IT
HH1937,1,IT
HH1938,3,IT
HH1939,2,IT
HH194,3,IT
HH1940,2,IT
HH1941,3,IT
HH1942,2,IT
HH1943,2,IT
HH1944,2,IT
HH1945,2,IT
HH1946,2,IT
HH1947,1,IT
HH1948,3,IT
HH1949,2,IT
HH195,3,IT
HH1950,2,IT
HH1951,1,IT
HH1952,2,IT
HH1953,2,IT
HH1954,2,IT
HH1955,1,IT
HH1956,2,IT
HH1957,2,IT
HH1958,2,IT
HH1959,4,IT
HH196,2,IT
HH1960,3,IT
HH1961,2,IT
HH1962,3,IT
HH1963,2,IT
HH1964,2,IT
HH1965,2,IT
HH1966,2,IT
HH1967,2,IT
HH1968,2,IT
HH1969,2,IT
HH197,1,IT
HH1970,2,IT
HH1971,2,IT
HH1972,2,IT
HH1973,2,IT
HH1974,2,IT
HH1975,1,IT
HH1976,2,IT
HH1977,2,IT
HH1978,3,IT
HH1979,4,IT
HH198,5,IT
HH1980,2,IT
HH1981,5,IT
HH1982,3,IT
HH1983,2,IT
HH1984,2,IT
HH1985,2,IT
HH1986,2,IT
HH1987,2,IT
HH1988,2,IT
HH1989,1,IT
HH199,4,IT
HH1990,2,IT
HH1991,2,IT
HH1992,2,IT
HH1993,2,IT
HH1994,2,IT
HH1995,1,IT
HH1996,2,IT
HH1997,3,IT
HH1998,1,IT
HH1999,2,IT
HH2,3,IT
HH20,1,IT
HH200,3,IT
HH2000,3,IT
HH2001,1,IT
HH2002,2,IT
HH2003,3,IT
HH2004,2,IT
HH2005,4,IT
HH2006,2,IT
HH2007,2,IT
HH2008,2,IT
HH2009,2,IT
HH201,2,IT
HH2010,2,IT
HH2011,1,IT
HH2012,2,IT
HH2013,1,IT
HH2014,2,IT
HH2015,3,IT
HH2016,1,IT
HH2017,4,IT
HH2018,3,IT
HH2019,2,IT
HH202,3,IT
HH2020,2,IT
HH2021,3,IT
HH2022,2,IT
HH2023,2,IT
HH2024,1,IT
HH2025,2,IT
HH2026,2,IT
HH2027,2,IT
HH2028,2,IT
HH2029,2,IT
HH203,3,IT
HH2030,1,IT
HH2031,1,IT
HH2032,3,IT
HH2033,2,IT
HH2034,2,IT
HH2035,3,IT
HH2036,2,IT
HH2037,2,IT
HH2038,1,IT
HH2039,1,IT
HH204,3,IT
HH2040,1,IT
HH2041,2,IT
HH2042,2,IT
HH2043,2,IT
HH2044,5,IT
HH2045,3,IT
HH2046,1,IT
HH2047,2,IT
HH2048,1,IT
HH2049,2,IT
HH205,2,IT
HH2050,2,IT
HH2051,2,IT
HH2052,4,IT
HH2053,4,IT
HH2054,2,IT
HH2055,5,IT
HH2056,1,IT
HH2057,1,IT
HH2058,3,IT
HH2059,2,IT
HH206,4,IT
HH2060,2,IT
HH2061,4,IT
HH2062,5,IT
HH2063,1,IT
HH2064,6,IT
HH2065,3,IT
HH2066,4,IT
HH2067,4,IT
HH2068,2,IT
HH2069,3,IT
HH207,2,IT
HH2070,2,IT
HH2071,3,IT
HH2072,3,IT
HH2073,4,IT
HH2074,1,IT
HH2075,2,IT
HH2076,6,IT
HH2077,2,IT
HH2078,3,IT
HH2079,4,IT
HH208,2,IT
HH2080,4,IT
HH2081,4,IT
HH2082,3,IT
HH2083,4,IT
HH2084,3,IT
HH2085,4,IT
HH2086,2,IT
HH2087,2,IT
HH2088,3,IT
HH2089,2,IT
HH209,4,IT
HH2090,4,IT
HH2091,2,IT
HH2092,3,IT
HH2093,2,IT
HH2094,3,IT
HH2095,1,IT
HH2096,2,IT
HH2097,3,IT
HH2098,1,IT
HH2099,4,IT
HH21,3,IT
HH210,4,IT
HH2100,2,IT
HH2101,2,IT
HH2102,2,IT
HH2103,3,IT
HH2104,3,IT
HH2105,3,IT
HH2106,4,IT
HH2107,3,IT
HH2108,3,IT
HH2109,3,IT
HH211,2,IT
HH2110,4,IT
HH2111,3,IT
HH2112,1,IT
HH2113,3,IT
HH2114,4,IT
HH2115,3,IT
HH2116,1,IT
HH2117,1,IT
HH2118,3,IT
HH2119,3,IT
HH212,4,IT
HH2120,1,IT
HH2121,2,IT
HH2122,2,IT
HH2123,2,IT
HH2124,1,IT
HH2125,1,IT
HH2126,2,IT
HH2127,3,IT
HH2128,5,IT
HH2129,2,IT
HH213,2,IT
HH2130,2,IT
HH2131,1,IT
HH2132,4,IT
HH2133,2,IT
HH2134,8,IT
HH2135,3,IT
HH2136,3,IT
HH2137,1,IT
HH2138,3,IT
HH2139,1,IT
HH214,1,IT
HH2140,3,IT
HH2141,2,IT
HH2142,5,IT
HH2143,1,IT
HH2144,3,IT
HH2145,2,IT
HH2146,4,IT
HH2147,3,IT
HH2148,5,IT
HH2149,3,IT
HH215,1,IT
HH2150,4,IT
HH2151,1,IT
HH2152,4,IT
HH2153,4,IT
HH2154,3,IT
HH2155,1,IT
HH2156,4,IT
HH2157,3,IT
HH2158,4,IT
HH2159,1,IT
HH216,4,IT
HH2160,1,IT
HH2161,2,IT
HH2162,4,IT
HH2163,3,IT
HH2164,2,IT
HH2165,4,IT
HH2166,2,IT
HH2167,3,IT
HH2168,1,IT
HH2169,1,IT
HH217,1,IT
HH2170,1,IT
HH2171,2,IT
HH2172,2,IT
HH2173,3,IT
HH2174,3,IT
HH2175,3,IT
HH2176,1,IT
HH2177,2,IT
HH2178,2,IT
HH2179,3,IT
HH218,3,IT
HH2180,1,IT
HH2181,4,IT
HH2182,4,IT
HH2183,1,IT
HH2184,2,IT
HH2185,4,IT
HH2186,2,IT
HH2187,2,IT
HH2188,2,IT
HH2189,2,IT
HH219,2,IT
HH2190,4,IT
HH2191,3,IT
HH2192,5,IT
HH2193,3,IT
HH2194,1,IT
HH2195,4,IT
HH2196,4,IT
HH2197,2,IT
HH2198,2,IT
HH2199,3,IT
HH22,2,IT
HH220,3,IT
HH2200,5,IT
HH2201,4,IT
HH2202,2,IT
HH2203,2,IT
HH2204,2,IT
HH2205,4,IT
HH2206,1,IT
HH2207,5,IT
HH2208,4,IT
HH2209,3,IT
HH221,4,IT
HH2210,3,IT
HH2211,2,IT
HH2212,5,IT
HH2213,2,IT
HH2214,3,IT
HH2215,2,IT
HH2216,2,IT
HH2217,2,IT
HH2218,2,IT
HH2219,3,IT
HH222,1,IT
HH2220,4,IT
HH2221,2,IT
HH2222,1,IT
HH2223,4,IT
HH2224,2,IT
HH2225,3,IT
HH2226,3,IT
HH2227,2,IT
HH2228,2,IT
HH2229,2,IT
HH223,3,IT
HH2230,2,IT
HH2231,4,IT
HH2232,2,IT
HH2233,2,IT
HH2234,2,IT
HH2235,3,IT
HH2236,3,IT
HH2237,1,IT
HH2238,3,IT
HH2239,2,IT
HH224,1,IT
HH2240,3,IT
HH2241,2,IT
HH2242,1,IT
HH2243,3,IT
HH2244,2,IT
HH2245,1,IT
HH2246,3,IT
HH2247,3,IT
HH2248,2,IT
HH2249,2,IT
HH225,5,IT
HH2250,6,IT
HH2251,1,IT
HH2252,3,IT
HH2253,1,IT
HH2254,4,IT
HH2255,3,IT
HH2256,4,IT
HH2257,2,IT
HH2258,5,IT
HH2259,4,IT
HH226,2,IT
HH2260,3,IT
HH2261,3,IT
HH2262,3,IT
HH2263,3,IT
HH2264,3,IT
HH2265,3,IT
HH2266,3,IT
HH2267,3,IT
HH2268,2,IT
HH2269,1,IT
HH227,2,IT
HH2270,1,IT
HH2271,1,IT
HH2272,2,IT
HH2273,1,IT
HH2274,2,IT
HH2275,1,IT
HH2276,3,IT
HH2277,4,IT
HH2278,1,IT
HH2279,3,IT
HH228,3,IT
HH2280,4,IT
HH2281,2,IT
HH2282,4,IT
HH2283,3,IT
HH2284,4,IT
HH2285,2,IT
HH2286,3,IT
HH2287,4,IT
HH2288,1,IT
HH2289,2,IT
HH229,4,IT
HH2290,4,IT
HH2291,4,IT
HH2292,2,IT
HH2293,3,IT
HH2294,1,IT
HH2295,1,IT
HH2296,6,IT
HH2297,1,IT
HH2298,3,IT
HH2299,2,IT
HH23,3,IT
HH230,3,IT
HH2300,3,IT
HH2301,2,IT
HH2302,3,IT
HH2303,1,IT
HH2304,2,IT
HH2305,4,IT
HH2306,2,IT
HH2307,2,IT
HH2308,3,IT
HH2309,1,IT
HH231,1,IT
HH2310,1,IT
HH2311,3,IT
HH2312,4,IT
HH2313,4,IT
HH2314,4,IT
HH2315,2,IT
HH2316,3,IT
HH2317,3,IT
HH2318,5,IT
HH2319,1,IT
HH232,3,IT
HH2320,4,IT
HH2321,2,IT
HH2322,5,IT
HH2323,3,IT
HH2324,4,IT
HH2325,2,IT
HH2326,4,IT
HH2327,2,IT
HH2328,2,IT
HH2329,1,IT
HH233,3,IT
HH2330,3,IT
HH2331,2,IT
HH2332,3,IT
HH2333,4,IT
HH2334,2,IT
HH2335,2,IT
HH2336,3,IT
HH2337,3,IT
HH2338,3,IT
HH2339,4,IT
HH234,1,IT
HH2340,2,IT
HH2341,4,IT
HH2342,1,IT
HH2343,3,IT
HH2344,2,IT
HH2345,2,IT
HH2346,2,IT
HH2347,5,IT
HH2348,3,IT
HH2349,2,IT
HH235,4,IT
HH2350,1,IT
HH2351,3,IT
HH2352,1,IT
HH2353,4,IT
HH2354,3,IT
HH2355,2,IT
HH2356,1,IT
HH2357,1,IT
HH2358,2,IT
HH2359,2,IT
HH236,3,IT
HH2360,2,IT
HH2361,3,IT
HH2362,4,IT
HH2363,1,IT
HH2364,3,IT
HH2365,3,IT
HH2366,3,IT
HH2367,2,IT
HH2368,4,IT
HH2369,4,IT
HH237,4,IT
HH2370,2,IT
HH2371,3,IT
HH2372,4,IT
HH2373,3,IT
HH2374,1,IT
HH2375,7,IT
HH2376,3,IT
HH2377,3,IT
HH2378,3,IT
HH2379,4,IT
HH238,3,IT
HH2380,2,IT
HH2381,3,IT
HH2382,4,IT
HH2383,5,IT
HH2384,1,IT
HH2385,3,IT
HH2386,4,IT
HH2387,2,IT
HH2388,3,IT
HH2389,4,IT
HH239,3,IT
HH2390,4,IT
HH2391,4,IT
HH2392,1,IT
HH2393,6,IT
HH2394,1,IT
HH2395,3,IT
HH2396,4,IT
HH2397,5,IT
HH2398,3,IT
HH2399,3,IT
HH24,3,IT
HH240,5,IT
HH2400,2,IT
HH2401,6,IT
HH2402,4,IT
HH2403,6,IT
HH2404,4,IT
HH2405,2,IT
HH2406,3,IT
HH2407,1,IT
HH2408,3,IT
HH2409,1,IT
HH241,2,IT
HH2410,1,IT
HH2411,3,IT
HH2412,1,IT
HH2413,2,IT
HH2414,1,IT
HH2415,4,IT
HH2416,3,IT
HH2417,2,IT
HH2418,2,IT
HH2419,4,IT
HH242,2,IT
HH2420,2,IT
HH2421,5,IT
HH2422,1,IT
HH2423,4,IT
HH2424,3,IT
HH2425,3,IT
HH2426,2,IT
HH2427,2,IT
HH2428,1,IT
HH2429,3,IT
HH243,3,IT
HH2430,4,IT
HH2431,3,IT
HH2432,4,IT
HH2433,2,IT
HH2434,2,IT
HH2435,3,IT
HH2436,4,IT
HH2437,2,IT
HH2438,4,IT
HH2439,2,IT
HH244,4,IT
HH2440,4,IT
HH2441,1,IT
HH2442,4,IT
HH2443,2,IT
HH2444,2,IT
HH2445,3,IT
HH2446,2,IT
HH2447,3,IT
HH2448,3,IT
HH2449,2,IT
HH245,2,IT
HH2450,4,IT
HH2451,2,IT
HH2452,2,IT
HH2453,4,IT
HH2454,3,IT
HH2455,3,IT
HH2456,2,IT
HH2457,2,IT
HH2458,4,IT
HH2459,2,IT
HH246,2,IT
HH2460,2,IT
HH2461,2,IT
HH2462,4,IT
HH2463,3,IT
HH2464,1,IT
HH2465,1,IT
HH2466,2,IT
HH2467,3,IT
HH2468,2,IT
HH2469,3,IT
HH247,3,IT
HH2470,6,IT
HH2471,3,IT
HH2472,4,IT
HH2473,4,IT
HH2474,2,IT
HH2475,4,IT
HH2476,2,IT
HH2477,1,IT
HH2478,2,IT
HH2479,2,IT
HH248,3,IT
HH2480,4,IT
HH2481,4,IT
HH2482,3,IT
HH2483,1,IT
HH2484,2,IT
HH2485,3,IT
HH2486,3,IT
HH2487,3,IT
HH2488,3,IT
HH2489,5,IT
HH249,3,IT
HH2490,3,IT
HH2491,1,IT
HH2492,2,IT
HH2493,3,IT
HH2494,2,IT
HH2495,1,IT
HH2496,2,IT
HH2497,3,IT
HH2498,2,IT
HH2499,8,IT
HH25,3,IT
HH250,3,IT
HH2500,3,IT
HH2501,3,IT
HH2502,4,IT
HH2503,2,IT
HH2504,2,IT
HH2505,4,IT
HH2506,2,IT
HH2507,1,IT
HH2508,3,IT
HH2509,5,IT
HH251,1,IT
HH2510,2,IT
HH2511,3,IT
HH2512,1,IT
HH2513,2,IT
HH2514,2,IT
HH2515,2,IT
HH2516,4,IT
HH2517,2,IT
HH2518,2,IT
HH2519,3,IT
HH252,4,IT
HH2520,4,IT
HH2521,3,IT
HH2522,2,IT
HH2523,4,IT
HH2524,3,IT
HH2525,3,IT
HH2526,2,IT
HH2527,3,IT
HH2528,3,IT
HH2529,5,IT
HH253,2,IT
HH2530,1,IT
HH2531,3,IT
HH2532,1,IT
HH2533,1,IT
HH2534,5,IT
HH2535,2,IT
HH2536,2,IT
HH2537,1,IT
HH2538,2,IT
HH2539,2,IT
HH254,2,IT
HH2540,2,IT
HH2541,4,IT
HH2542,2,IT
HH2543,2,IT
HH2544,2,IT
HH2545,2,IT
HH2546,3,IT
HH2547,3,IT
HH2548,2,IT
HH2549,2,IT
HH255,2,IT
HH2550,4,IT
HH2551,3,IT
HH2552,3,IT
HH2553,3,IT
HH2554,4,IT
HH2555,1,IT
HH2556,1,IT
HH2557,4,IT
HH2558,1,IT
HH2559,1,IT
HH256,4,IT
HH2560,3,IT
HH2561,2,IT
HH2562,1,IT
HH2563,2,IT
HH2564,4,IT
HH2565,1,IT
HH2566,4,IT
HH2567,2,IT
HH2568,2,IT
HH2569,2,IT
HH257,2,IT
HH2570,2,IT
HH2571,2,IT
HH2572,2,IT
HH2573,2,IT
HH2574,2,IT
HH2575,1,IT
HH2576,2,IT
HH2577,2,IT
HH2578,1,IT
HH2579,2,IT
HH258,3,IT
HH2580,1,IT
HH2581,2,IT
HH2582,2,IT
HH2583,1,IT
HH2584,1,IT
HH2585,3,IT
HH2586,1,IT
HH2587,2,IT
HH2588,2,IT
HH2589,2,IT
HH259,2,IT
HH2590,2,IT
HH2591,2,IT
HH2592,2,IT
HH2593,1,IT
HH2594,3,IT
HH2595,4,IT
HH2596,2,IT
HH2597,1,IT
HH2598,2,IT
HH2599,2,IT
HH26,2,IT
HH260,3,IT
HH2600,1,IT
HH2601,4,IT
HH2602,3,IT
HH2603,3,IT
HH2604,3,IT
HH2605,4,IT
HH2606,3,IT
HH2607,4,IT
HH2608,2,IT
HH2609,4,IT
HH261,5,IT
HH2610,3,IT
HH2611,2,IT
HH2612,1,IT
HH2613,4,IT
HH2614,3,IT
HH2615,3,IT
HH2616,2,IT
HH2617,4,IT
HH2618,2,IT
HH2619,2,IT
HH262,2,IT
HH2620,3,IT
HH2621,2,IT
HH2622,2,IT
HH2623,3,IT
HH2624,1,IT
HH2625,2,IT
HH2626,2,IT
HH2627,2,IT
HH2628,2,IT
HH2629,3,IT
HH263,3,IT
HH2630,2,IT
HH2631,4,IT
HH2632,2,IT
HH2633,2,IT
HH2634,2,IT
HH2635,3,IT
HH2636,3,IT
HH2637,3,IT
HH2638,2,IT
HH2639,3,IT
HH264,1,IT
HH2640,2,IT
HH2641,4,IT
HH2642,2,IT
HH2643,2,IT
HH2644,2,IT
HH2645,2,IT
HH2646,2,IT
HH2647,1,IT
HH2648,2,IT
HH2649,1,IT
HH265,4,IT
HH2650,1,IT
HH2651,2,IT
HH2652,2,IT
HH2653,1,IT
HH2654,3,IT
HH2655,2,IT
HH2656,1,IT
HH2657,2,IT
HH2658,2,IT
HH2659,2,IT
HH266,3,IT
HH2660,3,IT
HH2661,2,IT
HH2662,3,IT
HH2663,3,IT
HH2664,2,IT
HH2665,4,IT
HH2666,2,IT
HH2667,3,IT
HH2668,3,IT
HH2669,1,IT
HH267,2,IT
HH2670,4,IT
HH2671,2,IT
HH2672,4,IT
HH2673,2,IT
HH2674,3,IT
HH2675,3,IT
HH2676,3,IT
HH2677,3,IT
HH2678,1,IT
HH2679,1,IT
HH268,3,IT
HH2680,2,IT
HH2681,2,IT
HH2682,3,IT
HH2683,3,IT
HH2684,4,IT
HH2685,2,IT
HH2686,3,IT
HH2687,3,IT
HH2688,3,IT
HH2689,3,IT
HH269,3,IT
HH2690,3,IT
HH2691,2,IT
HH2692,4,IT
HH2693,3,IT
HH2694,2,IT
HH2695,4,IT
HH2696,2,IT
HH2697,2,IT
HH2698,2,IT
HH2699,4,IT
HH27,3,IT
HH270,3,IT
HH2700,4,IT
HH2701,2,IT
HH2702,3,IT
HH2703,3,IT
HH2704,4,IT
HH2705,1,IT
HH2706,2,IT
HH2707,1,IT
HH2708,4,IT
HH2709,2,IT
HH271,2,IT
HH2710,4,IT
HH2711,3,IT
HH2712,4,IT
HH2713,2,IT
HH2714,1,IT
HH2715,1,IT
HH2716,2,IT
HH2717,4,IT
HH2718,3,IT
HH2719,1,IT
HH272,1,IT
HH2720,2,IT
HH2721,4,IT
HH2722,3,IT
HH2723,4,IT
HH2724,2,IT
HH2725,4,IT
HH2726,2,IT
HH2727,1,IT
HH2728,3,IT
HH2729,2,IT
HH273,3,IT
HH2730,2,IT
HH2731,3,IT
HH2732,3,IT
HH2733,2,IT
HH2734,3,IT
HH2735,2,IT
HH2736,1,IT
HH2737,5,IT
HH2738,3,IT
HH2739,2,IT
HH274,2,IT
HH2740,1,IT
HH2741,4,IT
HH2742,1,IT
HH2743,2,IT
HH2744,4,IT
HH2745,4,IT
HH2746,4,IT
HH2747,2,IT
HH2748,2,IT
HH2749,3,IT
HH275,3,IT
HH2750,2,IT
HH2751,1,IT
HH2752,3,IT
HH2753,2,IT
HH2754,4,IT
HH2755,1,IT
HH2756,2,IT
HH2757,3,IT
HH2758,3,IT
HH2759,2,IT
HH276,1,IT
HH2760,4,IT
HH2761,3,IT
HH2762,2,IT
HH2763,3,IT
HH2764,3,IT
HH2765,1,IT
HH2766,2,IT
HH2767,4,IT
HH2768,2,IT
HH2769,3,IT
HH277,2,IT
HH2770,2,IT
HH2771,2,IT
HH2772,4,IT
HH2773,4,IT
HH2774,2,IT
HH2775,3,IT
HH2776,2,IT
HH2777,2,IT
HH2778,2,IT
HH2779,1,IT
HH278,3,IT
HH2780,3,IT
HH2781,1,IT
HH2782,2,IT
HH2783,3,IT
HH2784,1,IT
HH2785,3,IT
HH2786,3,IT
HH2787,3,IT
HH2788,2,IT
HH2789,4,IT
HH279,2,IT
HH2790,4,IT
HH2791,2,IT
HH2792,3,IT
HH2793,3,IT
HH2794,4,IT
HH2795,2,IT
HH2796,2,IT
HH2797,1,IT
HH2798,2,IT
HH2799,3,IT
HH28,2,IT
HH280,4,IT
HH2800,3,IT
HH2801,4,IT
HH2802,2,IT
HH2803,3,IT
HH2804,5,IT
HH2805,2,IT
HH2806,2,IT
HH2807,4,IT
HH2808,4,IT
HH2809,5,IT
HH281,2,IT
HH2810,3,IT
HH2811,2,IT
HH2812,4,IT
HH2813,3,IT
HH2814,1,IT
HH2815,3,IT
HH2816,2,IT
HH2817,3,IT
HH2818,2,IT
HH2819,1,IT
HH282,4,IT
HH2820,1,IT
HH2821,2,IT
HH2822,3,IT
HH2823,5,IT
HH2824,1,IT
HH2825,4,IT
HH2826,2,IT
HH2827,2,IT
HH2828,1,IT
HH2829,2,IT
HH283,1,IT
HH2830,2,IT
HH2831,3,IT
HH2832,2,IT
HH2833,1,IT
HH2834,4,IT
HH2835,2,IT
HH2836,2,IT
HH2837,1,IT
HH2838,2,IT
HH2839,8,IT
HH284,1,IT
HH2840,1,IT
HH2841,3,IT
HH2842,4,IT
HH2843,3,IT
HH2844,5,IT
HH2845,2,IT
HH2846,2,IT
HH2847,3,IT
HH2848,2,IT
HH2849,2,IT
HH285,1,IT
HH2850,2,IT
HH2851,2,IT
HH2852,5,IT
HH2853,1,IT
HH2854,1,IT
HH2855,1,IT
HH2856,2,IT
HH2857,2,IT
HH2858,2,IT
HH2859,2,IT
HH286,4,IT
HH2860,2,IT
HH2861,1,IT
HH2862,4,IT
HH2863,5,IT
HH2864,4,IT
HH2865,2,IT
HH2866,3,IT
HH2867,3,IT
HH2868,1,IT
HH2869,5,IT
HH287,4,IT
HH2870,3,IT
HH2871,4,IT
HH2872,3,IT
HH2873,4,IT
HH2874,4,IT
HH2875,4,IT
HH2876,3,IT
HH2877,2,IT
HH2878,4,IT
HH2879,3,IT
HH288,1,IT
HH2880,4,IT
HH2881,4,IT
HH2882,2,IT
HH2883,2,IT
HH2884,2,IT
HH2885,2,IT
HH2886,2,IT
HH2887,1,IT
HH2888,3,IT
HH2889,1,IT
HH289,4,IT
HH2890,3,IT
HH2891,4,IT
HH2892,2,IT
HH2893,2,IT
HH2894,2,IT
HH2895,2,IT
HH2896,2,IT
HH2897,1,IT
HH2898,2,IT
HH2899,2,IT
HH29,4,IT
HH290,3,IT
HH2900,1,IT
HH2901,2,IT
HH2902,2,IT
HH2903,4,IT
HH2904,1,IT
HH2905,3,IT
HH2906,2,IT
HH2907,3,IT
HH2908,1,IT
HH2909,3,IT
HH291,1,IT
HH2910,3,IT
HH2911,4,IT
HH2912,3,IT
HH2913,2,IT
HH2914,2,IT
HH2915,4,IT
HH2916,3,IT
HH2917,1,IT
HH2918,2,IT
HH2919,4,IT
HH292,2,IT
HH2920,2,IT
HH2921,4,IT
HH2922,2,IT
HH2923,2,IT
HH2924,3,IT
HH2925,2,IT
HH2926,3,IT
HH2927,3,IT
HH2928,4,IT
HH2929,1,IT
HH293,4,IT
HH2930,2,IT
HH2931,2,IT
HH2932,2,IT
HH2933,4,IT
HH2934,4,IT
HH2935,1,IT
HH2936,2,IT
HH2937,3,IT
HH2938,2,IT
HH2939,3,IT
HH294,3,IT
HH2940,4,IT
HH2941,5,IT
HH2942,3,IT
HH2943,3,IT
HH2944,2,IT
HH2945,2,IT
HH2946,1,IT
HH2947,3,IT
HH2948,4,IT
HH2949,4,IT
HH295,4,IT
HH2950,5,IT
HH2951,5,IT
HH2952,2,IT
HH2953,3,IT
HH2954,4,IT
HH2955,2,IT
HH2956,3,IT
HH2957,3,IT
HH2958,3,IT
HH2959,2,IT
HH296,3,IT
HH2960,1,IT
HH2961,3,IT
HH2962,1,IT
HH2963,3,IT
HH2964,4,IT
HH2965,3,IT
HH2966,3,IT
HH2967,4,IT
HH2968,5,IT
HH2969,2,IT
HH297,3,IT
HH2970,2,IT
HH2971,4,IT
HH2972,3,IT
HH2973,4,IT
HH2974,3,IT
HH2975,4,IT
HH2976,4,IT
HH2977,2,IT
HH2978,1,IT
HH2979,2,IT
HH298,4,IT
HH2980,1,IT
HH2981,1,IT
HH2982,4,IT
HH2983,2,IT
HH2984,3,IT
HH2985,8,IT
HH2986,3,IT
HH2987,2,IT
HH2988,4,IT
HH2989,3,IT
HH299,3,IT
HH2990,2,IT
HH2991,2,IT
HH2992,2,IT
HH2993,4,IT
HH2994,2,IT
HH2995,2,IT
HH2996,1,IT
HH2997,2,IT
HH2998,2,IT
HH2999,3,IT
HH3,2,IT
HH30,2,IT
HH300,4,IT
HH3000,4,IT
HH3001,2,IT
HH3002,3,IT
HH3003,1,IT
HH3004,8,IT
HH3005,2,IT
HH3006,2,IT
HH3007,1,IT
HH3008,3,IT
HH3009,3,IT
HH301,3,IT
HH3010,2,IT
HH3011,4,IT
HH3012,2,IT
HH3013,2,IT
HH3014,5,IT
HH3015,4,IT
HH3016,4,IT
HH3017,3,IT
HH3018,2,IT
HH3019,1,IT
HH302,4,IT
HH3020,1,IT
HH3021,3,IT
HH3022,4,IT
HH3023,5,IT
HH3024,3,IT
HH3025,1,IT
HH3026,3,IT
HH3027,2,IT
HH3028,2,IT
HH3029,3,IT
HH303,3,IT
HH3030,6,IT
HH3031,3,IT
HH3032,5,IT
HH3033,4,IT
HH3034,3,IT
HH3035,2,IT
HH3036,3,IT
HH3037,3,IT
HH3038,3,IT
HH3039,3,IT
HH304,3,IT
HH3040,3,IT
HH3041,3,IT
HH3042,3,IT
HH3043,3,IT
HH3044,4,IT
HH3045,4,IT
HH3046,1,IT
HH3047,3,IT
HH3048,6,IT
HH3049,2,IT
HH305,3,IT
HH3050,4,IT
HH3051,3,IT
HH3052,2,IT
HH3053,2,IT
HH3054,1,IT
HH3055,2,IT
HH3056,1,IT
HH3057,1,IT
HH3058,1,IT
HH3059,5,IT
HH306,4,IT
HH3060,1,IT
HH3061,4,IT
HH3062,4,IT
HH3063,2,IT
HH3064,4,IT
HH3065,1,IT
HH3066,2,IT
HH3067,4,IT
HH3068,1,IT
HH3069,1,IT
HH307,5,IT
HH3070,4,IT
HH3071,3,IT
HH3072,1,IT
HH3073,2,IT
HH3074,3,IT
HH3075,3,IT
HH3076,3,IT
HH3077,2,IT
HH3078,3,IT
HH3079,4,IT
HH308,3,IT
HH3080,4,IT
HH3081,3,IT
HH3082,3,IT
HH3083,3,IT
HH3084,2,IT
HH3085,1,IT
HH3086,2,IT
HH3087,5,IT
HH3088,3,IT
HH3089,3,IT
HH309,4,IT
HH3090,2,IT
HH3091,4,IT
HH3092,2,IT
HH3093,4,IT
HH3094,3,IT
HH3095,5,IT
HH3096,4,IT
HH3097,2,IT
HH3098,4,IT
HH3099,4,IT
HH31,3,IT
HH310,1,IT
HH3100,4,IT
HH3101,6,IT
HH3102,4,IT
HH3103,4,IT
HH3104,1,IT
HH3105,3,IT
HH3106,2,IT
HH3107,3,IT
HH3108,4,IT
HH3109,2,IT
HH311,4,IT
HH3110,1,IT
HH3111,3,IT
HH3112,3,IT
HH3113,2,IT
HH3114,2,IT
HH3115,2,IT
HH3116,1,IT
HH3117,2,IT
HH3118,2,IT
HH3119,2,IT
HH312,3,IT
HH3120,2,IT
HH3121,3,IT
HH3122,3,IT
HH3123,3,IT
HH3124,2,IT
HH3125,1,IT
HH3126,2,IT
HH3127,2,IT
HH3128,4,IT
HH3129,3,IT
HH313,4,IT
HH3130,3,IT
HH3131,2,IT
HH3132,5,IT
HH3133,2,IT
HH3134,2,IT
HH3135,2,IT
HH3136,3,IT
HH3137,5,IT
HH3138,3,IT
HH3139,2,IT
HH314,3,IT
HH3140,2,IT
HH3141,3,IT
HH3142,4,IT
HH3143,3,IT
HH3144,1,IT
HH3145,5,IT
HH3146,2,IT
HH3147,2,IT
HH3148,2,IT
HH3149,2,IT
HH315,4,IT
HH3150,2,IT
HH3151,3,IT
HH3152,4,IT
HH3153,2,IT
HH3154,2,IT
HH3155,2,IT
HH3156,4,IT
HH3157,3,IT
HH3158,5,IT
HH3159,6,IT
HH316,4,IT
HH3160,3,IT
HH3161,2,IT
HH3162,4,IT
HH3163,4,IT
HH3164,1,IT
HH3165,3,IT
HH3166,2,IT
HH3167,2,IT
HH3168,5,IT
HH3169,4,IT
HH317,3,IT
HH3170,2,IT
HH3171,4,IT
HH3172,4,IT
HH3173,4,IT
HH3174,4,IT
HH3175,3,IT
HH3176,1,IT
HH3177,3,IT
HH3178,2,IT
HH3179,2,IT
HH318,3,IT
HH3180,4,IT
HH3181,3,IT
HH3182,4,IT
HH3183,3,IT
HH3184,4,IT
HH3185,5,IT
HH3186,2,IT
HH3187,3,IT
HH3188,3,IT
HH3189,3,IT
HH319,4,IT
HH3190,3,IT
HH3191,4,IT
HH3192,1,IT
HH3193,4,IT
HH3194,4,IT
HH3195,2,IT
HH3196,2,IT
HH3197,6,IT
HH3198,2,IT
HH3199,2,IT
HH32,4,IT
HH320,3,IT
HH3200,1,IT
HH3201,2,IT
HH3202,2,IT
HH3203,3,IT
HH3204,3,IT
HH3205,4,IT
HH3206,2,IT
HH3207,2,IT
HH3208,4,IT
HH3209,2,IT
HH321,3,IT
HH3210,8,IT
HH3211,4,IT
HH3212,3,IT
HH3213,3,IT
HH3214,1,IT
HH3215,3,IT
HH3216,3,IT
HH3217,2,IT
HH3218,1,IT
HH3219,3,IT
HH322,2,IT
HH3220,4,IT
HH3221,2,IT
HH3222,2,IT
HH3223,1,IT
HH3224,1,IT
HH3225,2,IT
HH3226,1,IT
HH3227,3,IT
HH3228,4,IT
HH3229,2,IT
HH323,5,IT
HH3230,6,IT
HH3231,3,IT
HH3232,3,IT
HH3233,1,IT
HH3234,3,IT
HH3235,4,IT
HH3236,2,IT
HH3237,2,IT
HH3238,1,IT
HH3239,3,IT
HH324,3,IT
HH3240,3,IT
HH3241,2,IT
HH3242,4,IT
HH3243,2,IT
HH3244,2,IT
HH3245,2,IT
HH3246,3,IT
HH3247,1,IT
HH3248,5,IT
HH3249,3,IT
HH325,3,IT
HH3250,3,IT
HH3251,3,IT
HH3252,2,IT
HH3253,1,IT
HH3254,3,IT
HH3255,1,IT
HH3256,2,IT
HH3257,3,IT
HH3258,2,IT
HH3259,5,IT
HH326,4,IT
HH3260,3,IT
HH3261,2,IT
HH3262,2,IT
HH3263,4,IT
HH3264,3,IT
HH3265,1,IT
HH3266,2,IT
HH3267,3,IT
HH3268,3,IT
HH3269,1,IT
HH327,4,IT
HH3270,3,IT
HH3271,1,IT
HH3272,3,IT
HH3273,1,IT
HH3274,4,IT
HH3275,2,IT
HH3276,2,IT
HH3277,4,IT
HH3278,1,IT
HH3279,3,IT
HH328,3,IT
HH3280,2,IT
HH3281,1,IT
HH3282,2,IT
HH3283,1,IT
HH3284,4,IT
HH3285,1,IT
HH3286,2,IT
HH3287,4,IT
HH3288,4,IT
HH3289,4,IT
HH329,3,IT
HH3290,1,IT
HH3291,3,IT
HH3292,2,IT
HH3293,2,IT
HH3294,2,IT
HH3295,2,IT
HH3296,2,IT
HH3297,2,IT
HH3298,5,IT
HH3299,4,IT
HH33,3,IT
HH330,3,IT
HH3300,4,IT
HH3301,4,IT
HH3302,4,IT
HH3303,3,IT
HH3304,3,IT
HH3305,2,IT
HH3306,1,IT
HH3307,4,IT
HH3308,2,IT
HH3309,3,IT
HH331,3,IT
HH3310,2,IT
HH3311,2,IT
HH3312,2,IT
HH3313,4,IT
HH3314,3,IT
HH3315,4,IT
HH3316,3,IT
HH3317,3,IT
HH3318,3,IT
HH3319,4,IT
HH332,3,IT
HH3320,3,IT
HH3321,4,IT
HH3322,2,IT
HH3323,2,IT
HH3324,3,IT
HH3325,4,IT
HH3326,3,IT
HH3327,4,IT
HH3328,4,IT
HH3329,2,IT
HH333,3,IT
HH3330,3,IT
HH3331,2,IT
HH3332,2,IT
HH3333,1,IT
HH3334,3,IT
HH3335,2,IT
HH3336,3,IT
HH3337,2,IT
HH3338,1,IT
HH3339,2,IT
HH334,3,IT
HH3340,3,IT
HH3341,1,IT
HH3342,2,IT
HH3343,2,IT
HH3344,1,IT
HH3345,3,IT
HH3346,5,IT
HH3347,2,IT
HH3348,4,IT
HH3349,4,IT
HH335,4,IT
HH3350,1,IT
HH3351,3,IT
HH3352,1,IT
HH3353,3,IT
HH3354,4,IT
HH3355,2,IT
HH3356,2,IT
HH3357,2,IT
HH3358,5,IT
HH3359,3,IT
HH336,4,IT
HH3360,2,IT
HH3361,2,IT
HH3362,3,IT
HH3363,2,IT
HH3364,2,IT
HH3365,2,IT
HH3366,2,IT
HH3367,3,IT
HH3368,1,IT
HH3369,2,IT
HH337,3,IT
HH3370,3,IT
HH3371,3,IT
HH3372,2,IT
HH3373,1,IT
HH3374,3,IT
HH3375,1,IT
HH3376,4,IT
HH3377,3,IT
HH3378,4,IT
HH3379,4,IT
HH338,3,IT
HH3380,2,IT
HH3381,4,IT
HH3382,3,IT
HH3383,2,IT
HH3384,4,IT
HH3385,1,IT
HH3386,2,IT
HH3387,2,IT
HH3388,4,IT
HH3389,1,IT
HH339,4,IT
HH3390,3,IT
HH3391,2,IT
HH3392,3,IT
HH3393,2,IT
HH3394,3,IT
HH3395,2,IT
HH3396,3,IT
HH3397,2,IT
HH3398,2,IT
HH3399,4,IT
HH34,2,IT
HH340,4,IT
HH3400,3,IT
HH3401,4,IT
HH3402,4,IT
HH3403,3,IT
HH3404,2,IT
HH3405,3,IT
HH3406,3,IT
HH3407,1,IT
HH3408,3,IT
HH3409,3,IT
HH341,3,IT
HH3410,2,IT
HH3411,4,IT
HH3412,4,IT
HH3413,4,IT
HH3414,3,IT
HH3415,3,IT
HH3416,2,IT
HH3417,4,IT
HH3418,4,IT
HH3419,3,IT
HH342,4,IT
HH3420,3,IT
HH3421,1,IT
HH3422,2,IT
HH3423,3,IT
HH3424,2,IT
HH3425,1,IT
HH3426,3,IT
HH3427,2,IT
HH3428,3,IT
HH3429,1,IT
HH343,4,IT
HH3430,2,IT
HH3431,1,IT
HH3432,2,IT
HH3433,3,IT
HH3434,2,IT
HH3435,3,IT
HH3436,4,IT
HH3437,2,IT
HH3438,5,IT
HH3439,5,IT
HH344,4,IT
HH3440,3,IT
HH3441,2,IT
HH3442,5,IT
HH3443,1,IT
HH3444,3,IT
HH3445,1,IT
HH3446,4,IT
HH3447,3,IT
HH3448,3,IT
HH3449,3,IT
HH345,3,IT
HH3450,4,IT
HH3451,3,IT
HH3452,4,IT
HH3453,3,IT
HH3454,3,IT
HH3455,4,IT
HH3456,3,IT
HH3457,4,IT
HH3458,2,IT
HH3459,4,IT
HH346,3,IT
HH3460,2,IT
HH3461,2,IT
HH3462,4,IT
HH3463,2,IT
HH3464,5,IT
HH3465,3,IT
HH3466,3,IT
HH3467,2,IT
HH3468,2,IT
HH3469,3,IT
HH347,3,IT
HH3470,1,IT
HH3471,3,IT
HH3472,1,IT
HH3473,1,IT
HH3474,3,IT
HH3475,4,IT
HH3476,1,IT
HH3477,3,IT
HH3478,3,IT
HH3479,2,IT
HH348,4,IT
HH3480,4,IT
HH3481,3,IT
HH3482,2,IT
HH3483,3,IT
HH3484,1,IT
HH3485,2,IT
HH3486,2,IT
HH3487,2,IT
HH3488,4,IT
HH3489,4,IT
HH349,4,IT
HH3490,4,IT
HH3491,4,IT
HH3492,1,IT
HH3493,2,IT
HH3494,3,IT
HH3495,1,IT
HH3496,4,IT
HH3497,2,IT
HH3498,5,IT
HH3499,3,IT
HH35,3,IT
HH350,2,IT
HH3500,2,IT
HH3501,2,IT
HH3502,1,IT
HH3503,2,IT
HH3504,2,IT
HH3505,1,IT
HH3506,2,IT
HH3507,2,IT
HH3508,2,IT
HH3509,2,IT
HH351,4,IT
HH3510,1,IT
HH3511,1,IT
HH3512,4,IT
HH3513,2,IT
HH3514,1,IT
HH3515,1,IT
HH3516,3,IT
HH3517,4,IT
HH3518,3,IT
HH3519,2,IT
HH352,7,IT
HH3520,5,IT
HH3521,3,IT
HH3522,4,IT
HH3523,3,IT
HH3524,1,IT
HH3525,4,IT
HH3526,1,IT
HH3527,3,IT
HH3528,4,IT
HH3529,3,IT
HH353,5,IT
HH3530,2,IT
HH3531,4,IT
HH3532,3,IT
HH3533,2,IT
HH3534,4,IT
HH3535,2,IT
HH3536,5,IT
HH3537,5,IT
HH3538,2,IT
HH3539,4,IT
HH354,4,IT
HH3540,3,IT
HH3541,2,IT
HH3542,3,IT
HH3543,2,IT
HH3544,2,IT
HH3545,3,IT
HH3546,3,IT
HH3547,1,IT
HH3548,3,IT
HH3549,2,IT
HH355,3,IT
HH3550,2,IT
HH3551,1,IT
HH3552,3,IT
HH3553,5,IT
HH3554,1,IT
HH3555,2,IT
HH3556,2,IT
HH3557,3,IT
HH3558,4,IT
HH3559,3,IT
HH356,2,IT
HH3560,5,IT
HH3561,2,IT
HH3562,2,IT
HH3563,4,IT
HH3564,2,IT
HH3565,2,IT
HH3566,5,IT
HH3567,2,IT
HH3568,5,IT
HH3569,2,IT
HH357,3,IT
HH3570,4,IT
HH3571,4,IT
HH3572,3,IT
HH3573,3,IT
HH3574,2,IT
HH3575,1,IT
HH3576,3,IT
HH3577,3,IT
HH3578,2,IT
HH3579,4,IT
HH358,3,IT
HH3580,1,IT
HH3581,1,IT
HH3582,2,IT
HH3583,2,IT
HH3584,1,IT
HH3585,3,IT
HH3586,3,IT
HH3587,2,IT
HH3588,2,IT
HH3589,3,IT
HH359,4,IT
HH3590,3,IT
HH3591,1,IT
HH3592,5,IT
HH3593,3,IT
HH3594,2,IT
HH3595,4,IT
HH3596,2,IT
HH3597,3,IT
HH3598,3,IT
HH3599,3,IT
HH36,1,IT
HH360,3,IT
HH3600,1,IT
HH3601,4,IT
HH3602,3,IT
HH3603,3,IT
HH3604,3,IT
HH3605,3,IT
HH3606,2,IT
HH3607,3,IT
HH3608,2,IT
HH3609,3,IT
HH361,3,IT
HH3610,3,IT
HH3611,2,IT
HH3612,1,IT
HH3613,1,IT
HH3614,3,IT
HH3615,2,IT
HH3616,2,IT
HH3617,4,IT
HH3618,3,IT
HH3619,3,IT
HH362,3,IT
HH3620,1,IT
HH3621,1,IT
HH3622,2,IT
HH3623,1,IT
HH3624,4,IT
HH3625,6,IT
HH3626,2,IT
HH3627,1,IT
HH3628,1,IT
HH3629,2,IT
HH363,4,IT
HH3630,2,IT
HH3631,2,IT
HH3632,2,IT
HH3633,1,IT
HH3634,3,IT
HH3635,2,IT
HH3636,1,IT
HH3637,2,IT
HH3638,4,IT
HH3639,2,IT
HH364,2,IT
HH3640,2,IT
HH3641,2,IT
HH3642,2,IT
HH3643,1,IT
HH3644,2,IT
HH3645,3,IT
HH3646,4,IT
HH3647,4,IT
HH3648,4,IT
HH3649,2,IT
HH365,4,IT
HH3650,2,IT
HH3651,2,IT
HH3652,2,IT
HH3653,3,IT
HH3654,3,IT
HH3655,3,IT
HH3656,2,IT
HH3657,4,IT
HH3658,2,IT
HH3659,2,IT
HH366,4,IT
HH3660,3,IT
HH3661,2,IT
HH3662,1,IT
HH3663,3,IT
HH3664,4,IT
HH3665,2,IT
HH3666,1,IT
HH3667,2,IT
HH3668,2,IT
HH3669,3,IT
HH367,4,IT
HH3670,4,IT
HH3671,1,IT
HH3672,4,IT
HH3673,1,IT
HH3674,5,IT
HH3675,4,IT
HH3676,4,IT
HH3677,1,IT
HH3678,2,IT
HH3679,3,IT
HH368,3,IT
HH3680,5,IT
HH3681,3,IT
HH3682,3,IT
HH3683,3,IT
HH3684,2,IT
HH3685,2,IT
HH3686,2,IT
HH3687,3,IT
HH3688,2,IT
HH3689,4,IT
HH369,4,IT
HH3690,3,IT
HH3691,5,IT
HH3692,5,IT
HH3693,2,IT
HH3694,1,IT
HH3695,2,IT
HH3696,1,IT
HH3697,4,IT
HH3698,3,IT
HH3699,3,IT
HH37,4,IT
HH370,3,IT
HH3700,4,IT
HH3701,2,IT
HH3702,1,IT
HH3703,5,IT
HH3704,1,IT
HH3705,1,IT
HH3706,2,IT
HH3707,3,IT
HH3708,2,IT
HH3709,4,IT
HH371,5,IT
HH3710,2,IT
HH3711,4,IT
HH3712,3,IT
HH3713,2,IT
HH3714,2,IT
HH3715,2,IT
HH3716,4,IT
HH3717,3,IT
HH3718,3,IT
HH3719,1,IT
HH372,2,IT
HH3720,1,IT
HH3721,4,IT
HH3722,6,IT
HH3723,2,IT
HH3724,2,IT
HH3725,1,IT
HH3726,6,IT
HH3727,2,IT
HH3728,3,IT
HH3729,2,IT
HH373,5,IT
HH3730,4,IT
HH3731,2,IT
HH3732,1,IT
HH3733,2,IT
HH3734,4,IT
HH3735,5,IT
HH3736,4,IT
HH3737,3,IT
HH3738,2,IT
HH3739,1,IT
HH374,4,IT
HH3740,4,IT
HH3741,2,IT
HH3742,2,IT
HH3743,3,IT
HH3744,1,IT
HH3745,4,IT
HH3746,2,IT
HH3747,3,IT
HH3748,1,IT
HH3749,2,IT
HH375,4,IT
HH3750,4,IT
HH3751,5,IT
HH3752,1,IT
HH3753,2,IT
HH3754,2,IT
HH3755,2,IT
HH3756,1,IT
HH3757,3,IT
HH3758,4,IT
HH3759,3,IT
HH376,3,IT
HH3760,3,IT
HH3761,3,IT
HH3762,3,IT
HH3763,2,IT
HH3764,3,IT
HH3765,4,IT
HH3766,3,IT
HH3767,3,IT
HH3768,3,IT
HH3769,5,IT
HH377,4,IT
HH3770,3,IT
HH3771,3,IT
HH3772,4,IT
HH3773,3,IT
HH3774,4,IT
HH3775,3,IT
HH3776,4,IT
HH3777,4,IT
HH3778,3,IT
HH3779,3,IT
HH378,3,IT
HH3780,2,IT
HH3781,3,IT
HH3782,4,IT
HH3783,4,IT
HH3784,3,IT
HH3785,3,IT
HH3786,3,IT
HH3787,4,IT
HH3788,2,IT
HH3789,4,IT
HH379,3,IT
HH3790,3,IT
HH3791,1,IT
HH3792,3,IT
HH3793,2,IT
HH3794,3,IT
HH3795,4,IT
HH3796,1,IT
HH3797,3,IT
HH3798,3,IT
HH3799,1,IT
HH38,2,IT
HH380,1,IT
HH3800,3,IT
HH3801,2,IT
HH3802,2,IT
HH3803,4,IT
HH3804,3,IT
HH3805,4,IT
HH3806,3,IT
HH3807,2,IT
HH3808,2,IT
HH3809,3,IT
HH381,3,IT
HH3810,1,IT
HH3811,3,IT
HH3812,2,IT
HH3813,1,IT
HH3814,4,IT
HH3815,2,IT
HH3816,4,IT
HH3817,4,IT
HH3818,3,IT
HH3819,2,IT
HH382,3,IT
HH3820,3,IT
HH3821,2,IT
HH3822,4,IT
HH3823,4,IT
HH3824,2,IT
HH3825,2,IT
HH3826,2,IT
HH3827,2,IT
HH3828,2,IT
HH3829,4,IT
HH383,3,IT
HH3830,4,IT
HH3831,3,IT
HH3832,3,IT
HH3833,4,IT
HH3834,4,IT
HH3835,4,IT
HH3836,4,IT
HH3837,2,IT
HH3838,1,IT
HH3839,1,IT
HH384,3,IT
HH3840,2,IT
HH3841,2,IT
HH3842,2,IT
HH3843,1,IT
HH3844,2,IT
HH3845,2,IT
HH3846,3,IT
HH3847,4,IT
HH3848,1,IT
HH3849,2,IT
HH385,3,IT
HH3850,1,IT
HH3851,1,IT
HH3852,1,IT
HH3853,2,IT
HH3854,3,IT
HH3855,2,IT
HH3856,1,IT
HH3857,2,IT
HH3858,4,IT
HH3859,1,IT
HH386,4,IT
HH3860,2,IT
HH3861,2,IT
HH3862,2,IT
HH3863,2,IT
HH3864,2,IT
HH3865,2,IT
HH3866,2,IT
HH3867,5,IT
HH3868,1,IT
HH3869,4,IT
HH387,3,IT
HH3870,4,IT
HH3871,2,IT
HH3872,2,IT
HH3873,2,IT
HH3874,2,IT
HH3875,3,IT
HH3876,2,IT
HH3877,2,IT
HH3878,3,IT
HH3879,1,IT
HH388,4,IT
HH3880,4,IT
HH3881,2,IT
HH3882,4,IT
HH3883,1,IT
HH3884,2,IT
HH3885,2,IT
HH3886,3,IT
HH3887,3,IT
HH3888,4,IT
HH3889,1,IT
HH389,4,IT
HH3890,1,IT
HH3891,2,IT
HH3892,3,IT
HH3893,2,IT
HH3894,1,IT
HH3895,1,IT
HH3896,4,IT
HH3897,2,IT
HH3898,4,IT
HH3899,3,IT
HH39,2,IT
HH390,3,IT
HH3900,2,IT
HH3901,2,IT
HH3902,3,IT
HH3903,3,IT
HH3904,4,IT
HH3905,4,IT
HH3906,1,IT
HH3907,2,IT
HH3908,3,IT
HH3909,1,IT
HH391,3,IT
HH3910,2,IT
HH3911,1,IT
HH3912,2,IT
HH3913,3,IT
HH3914,4,IT
HH3915,4,IT
HH3916,3,IT
HH3917,1,IT
HH3918,2,IT
HH3919,4,IT
HH392,4,IT
HH3920,2,IT
HH3921,4,IT
HH3922,4,IT
HH3923,2,IT
HH3924,4,IT
HH3925,1,IT
HH3926,3,IT
HH3927,2,IT
HH3928,4,IT
HH3929,2,IT
HH393,3,IT
HH3930,8,IT
HH3931,4,IT
HH3932,3,IT
HH3933,3,IT
HH3934,3,IT
HH3935,3,IT
HH3936,4,IT
HH3937,4,IT
HH3938,3,IT
HH3939,3,IT
HH394,3,IT
HH3940,4,IT
HH3941,1,IT
HH3942,2,IT
HH3943,1,IT
HH3944,5,IT
HH3945,5,IT
HH3946,3,IT
HH3947,4,IT
HH3948,1,IT
HH3949,6,IT
HH395,3,IT
HH3950,2,IT
HH3951,3,IT
HH3952,3,IT
HH3953,3,IT
HH3954,3,IT
HH3955,3,IT
HH3956,2,IT
HH3957,3,IT
HH3958,4,IT
HH3959,2,IT
HH396,4,IT
HH3960,3,IT
HH3961,2,IT
HH3962,2,IT
HH3963,3,IT
HH3964,4,IT
HH3965,2,IT
HH3966,3,IT
HH3967,3,IT
HH3968,2,IT
HH3969,1,IT
HH397,4,IT
HH3970,3,IT
HH3971,3,IT
HH3972,2,IT
HH3973,3,IT
HH3974,3,IT
HH3975,2,IT
HH3976,2,IT
HH3977,4,IT
HH3978,2,IT
HH3979,3,IT
HH398,3,IT
HH3980,3,IT
HH3981,4,IT
HH3982,3,IT
HH3983,3,IT
HH3984,2,IT
HH3985,1,IT
HH3986,5,IT
HH3987,2,IT
HH3988,2,IT
HH3989,1,IT
HH399,3,IT
HH3990,3,IT
HH3991,3,IT
HH3992,3,IT
HH3993,4,IT
HH3994,3,IT
HH3995,2,IT
HH3996,4,IT
HH3997,4,IT
HH3998,5,IT
HH3999,6,IT
HH4,2,IT
HH40,3,IT
HH400,2,IT
HH4000,5,IT
HH4001,3,IT
HH4002,2,IT
HH4003,1,IT
HH4004,4,IT
HH4005,4,IT
HH4006,3,IT
HH4007,2,IT
HH4008,2,IT
HH4009,4,IT
HH401,1,IT
HH4010,5,IT
HH4011,2,IT
HH4012,3,IT
HH4013,4,IT
HH4014,4,IT
HH4015,3,IT
HH4016,4,IT
HH4017,2,IT
HH4018,4,IT
HH4019,2,IT
HH402,3,IT
HH4020,4,IT
HH4021,4,IT
HH4022,4,IT
HH4023,3,IT
HH4024,1,IT
HH4025,5,IT
HH4026,2,IT
HH4027,4,IT
HH4028,1,IT
HH4029,3,IT
HH403,4,IT
HH4030,4,IT
HH4031,2,IT
HH4032,4,IT
HH4033,4,IT
HH4034,5,IT
HH4035,5,IT
HH4036,2,IT
HH4037,1,IT
HH4038,4,IT
HH4039,3,IT
HH404,2,IT
HH4040,1,IT
HH4041,4,IT
HH4042,3,IT
HH4043,2,IT
HH4044,4,IT
HH4045,1,IT
HH4046,4,IT
HH4047,4,IT
HH4048,3,IT
HH4049,2,IT
HH405,1,IT
HH4050,2,IT
HH4051,3,IT
HH4052,3,IT
HH4053,2,IT
HH4054,2,IT
HH4055,3,IT
HH4056,3,IT
HH4057,2,IT
HH4058,3,IT
HH4059,2,IT
HH406,3,IT
HH4060,6,IT
HH4061,3,IT
HH4062,5,IT
HH4063,3,IT
HH4064,2,IT
HH4065,1,IT
HH4066,4,IT
HH4067,4,IT
HH4068,3,IT
HH4069,2,IT
HH407,3,IT
HH4070,2,IT
HH4071,2,IT
HH4072,4,IT
HH4073,2,IT
HH4074,2,IT
HH4075,4,IT
HH4076,1,IT
HH4077,2,IT
HH4078,4,IT
HH4079,3,IT
HH408,5,IT
HH4080,2,IT
HH4081,3,IT
HH4082,4,IT
HH4083,2,IT
HH4084,2,IT
HH4085,3,IT
HH4086,2,IT
HH4087,1,IT
HH4088,3,IT
HH4089,5,IT
HH409,4,IT
HH4090,1,IT
HH4091,3,IT
HH4092,2,IT
HH4093,2,IT
HH4094,2,IT
HH4095,3,IT
HH4096,2,IT
HH4097,1,IT
HH4098,3,IT
HH4099,8,IT
HH41,3,IT
HH410,1,IT
HH4100,2,IT
HH4101,3,IT
HH4102,3,IT
HH4103,2,IT
HH4104,1,IT
HH4105,2,IT
HH4106,3,IT
HH4107,2,IT
HH4108,1,IT
HH4109,5,IT
HH411,3,IT
HH4110,5,IT
HH4111,2,IT
HH4112,3,IT
HH4113,1,IT
HH4114,3,IT
HH4115,2,IT
HH4116,4,IT
HH4117,3,IT
HH4118,2,IT
HH4119,3,IT
HH412,1,IT
HH4120,2,IT
HH4121,4,IT
HH4122,3,IT
HH4123,2,IT
HH4124,3,IT
HH4125,1,IT
HH4126,1,IT
HH4127,4,IT
HH4128,1,IT
HH4129,3,IT
HH413,4,IT
HH4130,3,IT
HH4131,4,IT
HH4132,3,IT
HH4133,2,IT
HH4134,3,IT
HH4135,2,IT
HH4136,2,IT
HH4137,1,IT
HH4138,3,IT
HH4139,1,IT
HH414,4,IT
HH4140,4,IT
HH4141,3,IT
HH4142,4,IT
HH4143,1,IT
HH4144,3,IT
HH4145,3,IT
HH4146,4,IT
HH4147,1,IT
HH4148,2,IT
HH4149,4,IT
HH415,3,IT
HH4150,3,IT
HH4151,5,IT
HH4152,3,IT
HH4153,5,IT
HH4154,3,IT
HH4155,2,IT
HH4156,5,IT
HH4157,3,IT
HH4158,3,IT
HH4159,2,IT
HH416,3,IT
HH4160,2,IT
HH4161,1,IT
HH4162,3,IT
HH4163,1,IT
HH4164,3,IT
HH4165,2,IT
HH4166,1,IT
HH4167,2,IT
HH4168,2,IT
HH4169,5,IT
HH417,2,IT
HH4170,3,IT
HH4171,2,IT
HH4172,3,IT
HH4173,2,IT
HH4174,2,IT
HH4175,2,IT
HH4176,4,IT
HH4177,2,IT
HH4178,4,IT
HH4179,3,IT
HH418,2,IT
HH4180,2,IT
HH4181,3,IT
HH4182,3,IT
HH4183,3,IT
HH4184,2,IT
HH4185,1,IT
HH4186,2,IT
HH4187,1,IT
HH4188,2,IT
HH4189,2,IT
HH419,4,IT
HH4190,3,IT
HH4191,5,IT
HH4192,1,IT
HH4193,4,IT
HH4194,4,IT
HH4195,4,IT
HH4196,5,IT
HH4197,4,IT
HH4198,6,IT
HH4199,2,IT
HH42,4,IT
HH420,1,IT
HH4200,3,IT
HH4201,2,IT
HH4202,2,IT
HH4203,3,IT
HH4204,3,IT
HH4205,2,IT
HH4206,2,IT
HH4207,5,IT
HH4208,1,IT
HH4209,2,IT
HH421,1,IT
HH4210,2,IT
HH4211,6,IT
HH4212,1,IT
HH4213,4,IT
HH4214,1,IT
HH4215,2,IT
HH4216,2,IT
HH4217,2,IT
HH4218,4,IT
HH4219,3,IT
HH422,3,IT
HH4220,1,IT
HH4221,5,IT
HH4222,2,IT
HH4223,3,IT
HH4224,3,IT
HH4225,1,IT
HH4226,3,IT
HH4227,2,IT
HH4228,3,IT
HH4229,4,IT
HH423,3,IT
HH4230,4,IT
HH4231,4,IT
HH4232,2,IT
HH4233,3,IT
HH4234,1,IT
HH4235,4,IT
HH4236,3,IT
HH4237,4,IT
HH4238,4,IT
HH4239,2,IT
HH424,1,IT
HH4240,4,IT
HH4241,2,IT
HH4242,2,IT
HH4243,2,IT
HH4244,2,IT
HH4245,1,IT
HH4246,2,IT
HH4247,1,IT
HH4248,4,IT
HH4249,2,IT
HH425,1,IT
HH4250,3,IT
HH4251,3,IT
HH4252,1,IT
HH4253,2,IT
HH4254,1,IT
HH4255,3,IT
HH4256,3,IT
HH4257,1,IT
HH4258,3,IT
HH4259,4,IT
HH426,2,IT
HH4260,1,IT
HH4261,1,IT
HH4262,3,IT
HH4263,2,IT
HH4264,1,IT
HH4265,2,IT
HH4266,3,IT
HH4267,2,IT
HH4268,3,IT
HH4269,4,IT
HH427,4,IT
HH4270,2,IT
HH4271,2,IT
HH4272,3,IT
HH4273,4,IT
HH4274,4,IT
HH4275,2,IT
HH4276,4,IT
HH4277,3,IT
HH4278,2,IT
HH4279,4,IT
HH428,4,IT
HH4280,2,IT
HH4281,3,IT
HH4282,2,IT
HH4283,2,IT
HH4284,2,IT
HH4285,4,IT
HH4286,5,IT
HH4287,5,IT
HH4288,3,IT
HH4289,4,IT
HH429,2,IT
HH4290,3,IT
HH4291,5,IT
HH4292,2,IT
HH4293,2,IT
HH4294,1,IT
HH4295,2,IT
HH4296,4,IT
HH4297,3,IT
HH4298,3,IT
HH4299,2,IT
HH43,4,IT
HH430,2,IT
HH4300,3,IT
HH4301,3,IT
HH4302,4,IT
HH4303,2,IT
HH4304,4,IT
HH4305,5,IT
HH4306,4,IT
HH4307,3,IT
HH4308,3,IT
HH4309,2,IT
HH431,3,IT
HH4310,3,IT
HH4311,6,IT
HH4312,3,IT
HH4313,4,IT
HH4314,4,IT
HH4315,2,IT
HH4316,4,IT
HH4317,4,IT
HH4318,4,IT
HH4319,2,IT
HH432,3,IT
HH4320,2,IT
HH4321,3,IT
HH4322,2,IT
HH4323,3,IT
HH4324,3,IT
HH4325,3,IT
HH4326,3,IT
HH4327,1,IT
HH4328,3,IT
HH4329,1,IT
HH433,3,IT
HH4330,4,IT
HH4331,2,IT
HH4332,1,IT
HH4333,1,IT
HH4334,2,IT
HH4335,3,IT
HH4336,2,IT
HH4337,2,IT
HH4338,1,IT
HH4339,1,IT
HH434,4,IT
HH4340,1,IT
HH4341,3,IT
HH4342,3,IT
HH4343,1,IT
HH4344,4,IT
HH4345,2,IT
HH4346,1,IT
HH4347,3,IT
HH4348,1,IT
HH4349,2,IT
HH435,3,IT
HH4350,2,IT
HH4351,3,IT
HH4352,1,IT
HH4353,2,IT
HH4354,2,IT
HH4355,1,IT
HH4356,1,IT
HH4357,2,IT
HH4358,1,IT
HH4359,4,IT
HH436,3,IT
HH4360,4,IT
HH4361,3,IT
HH4362,4,IT
HH4363,4,IT
HH4364,3,IT
HH4365,1,IT
HH4366,3,IT
HH4367,2,IT
HH4368,4,IT
HH4369,2,IT
HH437,4,IT
HH4370,4,IT
HH4371,2,IT
HH4372,4,IT
HH4373,5,IT
HH4374,2,IT
HH4375,3,IT
HH4376,3,IT
HH4377,2,IT
HH4378,3,IT
HH4379,2,IT
HH438,2,IT
HH4380,2,IT
HH4381,1,IT
HH4382,2,IT
HH4383,1,IT
HH4384,5,IT
HH4385,5,IT
HH4386,5,IT
HH4387,3,IT
HH4388,3,IT
HH4389,2,IT
HH439,2,IT
HH4390,1,IT
HH4391,4,IT
HH4392,4,IT
HH4393,2,IT
HH4394,3,IT
HH4395,2,IT
HH4396,1,IT
HH4397,2,IT
HH4398,2,IT
HH4399,2,IT
HH44,3,IT
HH440,3,IT
HH4400,2,IT
HH4401,3,IT
HH4402,2,IT
HH4403,3,IT
HH4404,3,IT
HH4405,3,IT
HH4406,2,IT
HH4407,2,IT
HH4408,1,IT
HH4409,2,IT
HH441,2,IT
HH4410,4,IT
HH4411,4,IT
HH4412,2,IT
HH4413,3,IT
HH4414,3,IT
HH4415,3,IT
HH4416,1,IT
HH4417,3,IT
HH4418,3,IT
HH4419,2,IT
HH442,1,IT
HH4420,4,IT
HH4421,3,IT
HH4422,2,IT
HH4423,1,IT
HH4424,2,IT
HH4425,3,IT
HH4426,2,IT
HH4427,3,IT
HH4428,3,IT
HH4429,8,IT
HH443,4,IT
HH4430,3,IT
HH4431,3,IT
HH4432,2,IT
HH4433,5,IT
HH4434,2,IT
HH4435,2,IT
HH4436,1,IT
HH4437,2,IT
HH4438,2,IT
HH4439,2,IT
HH444,4,IT
HH4440,2,IT
HH4441,4,IT
HH4442,3,IT
HH4443,3,IT
HH4444,2,IT
HH4445,3,IT
HH4446,1,IT
HH4447,3,IT
HH4448,3,IT
HH4449,2,IT
HH445,3,IT
HH4450,2,IT
HH4451,3,IT
HH4452,3,IT
HH4453,3,IT
HH4454,3,IT
HH4455,3,IT
HH4456,2,IT
HH4457,3,IT
HH4458,2,IT
HH4459,3,IT
HH446,3,IT
HH4460,1,IT
HH4461,4,IT
HH4462,3,IT
HH4463,4,IT
HH4464,3,IT
HH4465,4,IT
HH4466,5,IT
HH4467,2,IT
HH4468,3,IT
HH4469,4,IT
HH447,4,IT
HH4470,2,IT
HH4471,2,IT
HH4472,4,IT
HH4473,2,IT
HH4474,2,IT
HH4475,4,IT
HH4476,2,IT
HH4477,3,IT
HH4478,2,IT
HH4479,3,IT
HH448,3,IT
HH4480,2,IT
HH4481,1,IT
HH4482,4,IT
HH4483,3,IT
HH4484,2,IT
HH4485,1,IT
HH4486,2,IT
HH4487,3,IT
HH4488,2,IT
HH4489,4,IT
HH449,3,IT
HH4490,7,IT
HH4491,1,IT
HH4492,4,IT
HH4493,3,IT
HH4494,2,IT
HH4495,2,IT
HH4496,2,IT
HH4497,4,IT
HH4498,3,IT
HH4499,2,IT
HH45,3,IT
HH450,4,IT
HH4500,3,IT
HH4501,2,IT
HH4502,2,IT
HH4503,1,IT
HH4504,3,IT
HH4505,1,IT
HH4506,4,IT
HH4507,1,IT
HH4508,2,IT
HH4509,4,IT
HH451,3,IT
HH4510,2,IT
HH4511,2,IT
HH4512,1,IT
HH4513,3,IT
HH4514,2,IT
HH4515,3,IT
HH4516,4,IT
HH4517,4,IT
HH4518,3,IT
HH4519,3,IT
HH452,3,IT
HH4520,4,IT
HH4521,1,IT
HH4522,3,IT
HH4523,4,IT
HH4524,3,IT
HH4525,2,IT
HH4526,4,IT
HH4527,4,IT
HH4528,2,IT
HH4529,2,IT
HH453,3,IT
HH4530,2,IT
HH4531,4,IT
HH4532,1,IT
HH4533,1,IT
HH4534,4,IT
HH4535,3,IT
HH4536,2,IT
HH4537,3,IT
HH4538,3,IT
HH4539,2,IT
HH454,3,IT
HH4540,1,IT
HH4541,2,IT
HH4542,2,IT
HH4543,2,IT
HH4544,2,IT
HH4545,3,IT
HH4546,2,IT
HH4547,1,IT
HH4548,4,IT
HH4549,2,IT
HH455,3,IT
HH4550,3,IT
HH4551,4,IT
HH4552,4,IT
HH4553,2,IT
HH4554,2,IT
HH4555,3,IT
HH4556,2,IT
HH4557,3,IT
HH4558,4,IT
HH4559,3,IT
HH456,3,IT
HH4560,1,IT
HH4561,2,IT
HH4562,3,IT
HH4563,2,IT
HH4564,2,IT
HH4565,3,IT
HH4566,2,IT
HH4567,4,IT
HH4568,2,IT
HH4569,3,IT
HH457,4,IT
HH4570,3,IT
HH4571,2,IT
HH4572,2,IT
HH4573,4,IT
HH4574,1,IT
HH4575,4,IT
HH4576,4,IT
HH4577,4,IT
HH4578,3,IT
HH4579,2,IT
HH458,4,IT
HH4580,3,IT
HH4581,3,IT
HH4582,1,IT
HH4583,2,IT
HH4584,4,IT
HH4585,4,IT
HH4586,2,IT
HH4587,4,IT
HH4588,2,IT
HH4589,2,IT
HH459,4,IT
HH4590,4,IT
HH4591,2,IT
HH4592,3,IT
HH4593,3,IT
HH4594,4,IT
HH4595,4,IT
HH4596,3,IT
HH4597,4,IT
HH4598,3,IT
HH4599,4,IT
HH46,1,IT
HH460,5,IT
HH4600,2,IT
HH4601,2,IT
HH4602,1,IT
HH4603,2,IT
HH4604,2,IT
HH4605,2,IT
HH4606,2,IT
HH4607,3,IT
HH4608,4,IT
HH4609,4,IT
HH461,3,IT
HH4610,3,IT
HH4611,4,IT
HH4612,4,IT
HH4613,3,IT
HH4614,4,IT
HH4615,5,IT
HH4616,2,IT
HH4617,3,IT
HH4618,2,IT
HH4619,5,IT
HH462,5,IT
HH4620,3,IT
HH4621,2,IT
HH4622,3,IT
HH4623,2,IT
HH4624,2,IT
HH4625,4,IT
HH4626,5,IT
HH4627,3,IT
HH4628,3,IT
HH4629,3,IT
HH463,3,IT
HH4630,4,IT
HH4631,4,IT
HH4632,5,IT
HH4633,1,IT
HH4634,4,IT
HH4635,2,IT
HH4636,2,IT
HH4637,3,IT
HH4638,3,IT
HH4639,4,IT
HH464,5,IT
HH4640,2,IT
HH4641,3,IT
HH4642,4,IT
HH4643,2,IT
HH4644,2,IT
HH4645,1,IT
HH4646,2,IT
HH4647,2,IT
HH4648,2,IT
HH4649,2,IT
HH465,2,IT
HH4650,4,IT
HH4651,2,IT
HH4652,3,IT
HH4653,3,IT
HH4654,4,IT
HH4655,3,IT
HH4656,3,IT
HH4657,3,IT
HH4658,3,IT
HH4659,1,IT
HH466,1,IT
HH4660,4,IT
HH4661,1,IT
HH4662,1,IT
HH4663,2,IT
HH4664,3,IT
HH4665,3,IT
HH4666,3,IT
HH4667,1,IT
HH4668,2,IT
HH4669,2,IT
HH467,4,IT
HH4670,4,IT
HH4671,4,IT
HH4672,2,IT
HH4673,2,IT
HH4674,3,IT
HH4675,2,IT
HH4676,4,IT
HH4677,2,IT
HH4678,3,IT
HH4679,1,IT
HH468,3,IT
HH4680,1,IT
HH4681,4,IT
HH4682,5,IT
HH4683,3,IT
HH4684,4,IT
HH4685,4,IT
HH4686,6,IT
HH4687,3,IT
HH4688,3,IT
HH4689,2,IT
HH469,1,IT
HH4690,2,IT
HH4691,3,IT
HH4692,3,IT
HH4693,7,IT
HH4694,3,IT
HH4695,2,IT
HH4696,3,IT
HH4697,2,IT
HH4698,4,IT
HH4699,6,IT
HH47,3,IT
HH470,4,IT
HH4700,2,IT
HH4701,3,IT
HH4702,4,IT
HH4703,2,IT
HH4704,4,IT
HH4705,3,IT
HH4706,3,IT
HH4707,3,IT
HH4708,3,IT
HH4709,4,IT
HH471,5,IT
HH4710,2,IT
HH4711,3,IT
HH4712,3,IT
HH4713,2,IT
HH4714,2,IT
HH4715,2,IT
HH4716,1,IT
HH4717,2,IT
HH4718,4,IT
HH4719,2,IT
HH472,2,IT
HH4720,2,IT
HH4721,3,IT
HH4722,3,IT
HH4723,2,IT
HH4724,4,IT
HH4725,2,IT
HH4726,1,IT
HH4727,2,IT
HH4728,1,IT
HH4729,2,IT
HH473,3,IT
HH4730,4,IT
HH4731,2,IT
HH4732,2,IT
HH4733,2,IT
HH4734,3,IT
HH4735,3,IT
HH4736,3,IT
HH4737,2,IT
HH4738,2,IT
HH4739,2,IT
HH474,2,IT
HH4740,3,IT
HH4741,2,IT
HH4742,2,IT
HH4743,4,IT
HH4744,3,IT
HH4745,2,IT
HH4746,5,IT
HH4747,1,IT
HH4748,2,IT
HH4749,2,IT
HH475,2,IT
HH4750,1,IT
HH4751,2,IT
HH4752,2,IT
HH4753,1,IT
HH4754,2,IT
HH4755,3,IT
HH4756,2,IT
HH4757,2,IT
HH4758,3,IT
HH4759,5,IT
HH476,3,IT
HH4760,4,IT
HH4761,1,IT
HH4762,1,IT
HH4763,4,IT
HH4764,2,IT
HH4765,7,IT
HH4766,4,IT
HH4767,4,IT
HH4768,2,IT
HH4769,3,IT
HH477,3,IT
HH4770,2,IT
HH4771,2,IT
HH4772,3,IT
HH4773,4,IT
HH4774,3,IT
HH4775,4,IT
HH4776,4,IT
HH4777,1,IT
HH4778,4,IT
HH4779,4,IT
HH478,3,IT
HH4780,4,IT
HH4781,3,IT
HH4782,2,IT
HH4783,2,IT
HH4784,1,IT
HH4785,2,IT
HH4786,1,IT
HH4787,2,IT
HH4788,3,IT
HH4789,1,IT
HH479,3,IT
HH4790,2,IT
HH4791,4,IT
HH4792,2,IT
HH4793,2,IT
HH4794,2,IT
HH4795,3,IT
HH4796,6,IT
HH4797,4,IT
HH4798,3,IT
HH4799,3,IT
HH48,2,IT
HH480,3,IT
HH4800,5,IT
HH4801,2,IT
HH4802,4,IT
HH4803,2,IT
HH4804,1,IT
HH4805,2,IT
HH4806,2,IT
HH4807,4,IT
HH4808,2,IT
HH4809,1,IT
HH481,3,IT
HH4810,2,IT
HH4811,4,IT
HH4812,3,IT
HH4813,2,IT
HH4814,6,IT
HH4815,3,IT
HH4816,4,IT
HH4817,5,IT
HH4818,2,IT
HH4819,1,IT
HH482,1,IT
HH4820,2,IT
HH4821,3,IT
HH4822,4,IT
HH4823,1,IT
HH4824,2,IT
HH4825,2,IT
HH4826,1,IT
HH4827,1,IT
HH4828,2,IT
HH4829,2,IT
HH483,3,IT
HH4830,2,IT
HH4831,3,IT
HH4832,2,IT
HH4833,3,IT
HH4834,3,IT
HH4835,2,IT
HH4836,1,IT
HH4837,2,IT
HH4838,2,IT
HH4839,2,IT
HH484,3,IT
HH4840,1,IT
HH4841,4,IT
HH4842,1,IT
HH4843,2,IT
HH4844,2,IT
HH4845,4,IT
HH4846,4,IT
HH4847,4,IT
HH4848,2,IT
HH4849,3,IT
HH485,2,IT
HH4850,3,IT
HH4851,4,IT
HH4852,3,IT
HH4853,3,IT
HH4854,2,IT
HH4855,1,IT
HH4856,1,IT
HH4857,4,IT
HH4858,2,IT
HH4859,2,IT
HH486,2,IT
HH4860,2,IT
HH4861,2,IT
HH4862,2,IT
HH4863,3,IT
HH4864,2,IT
HH4865,3,IT
HH4866,2,IT
HH4867,1,IT
HH4868,1,IT
HH4869,2,IT
HH487,3,IT
HH4870,4,IT
HH4871,1,IT
HH4872,4,IT
HH4873,2,IT
HH4874,2,IT
HH4875,4,IT
HH4876,4,IT
HH4877,4,IT
HH4878,3,IT
HH4879,4,IT
HH488,1,IT
HH4880,4,IT
HH4881,3,IT
HH4882,3,IT
HH4883,3,IT
HH4884,3,IT
HH4885,4,IT
HH4886,2,IT
HH4887,3,IT
HH4888,4,IT
HH4889,4,IT
HH489,4,IT
HH4890,3,IT
HH4891,4,IT
HH4892,4,IT
HH4893,2,IT
HH4894,2,IT
HH4895,4,IT
HH4896,5,IT
HH4897,4,IT
HH4898,4,IT
HH4899,4,IT
HH49,1,IT
HH490,2,IT
HH4900,5,IT
HH4901,3,IT
HH4902,4,IT
HH4903,3,IT
HH4904,4,IT
HH4905,4,IT
HH4906,1,IT
HH4907,5,IT
HH4908,1,IT
HH4909,2,IT
HH491,4,IT
HH4910,3,IT
HH4911,2,IT
HH4912,2,IT
HH4913,4,IT
HH4914,3,IT
HH4915,4,IT
HH4916,3,IT
HH4917,3,IT
HH4918,4,IT
HH4919,5,IT
HH492,3,IT
HH4920,4,IT
HH4921,5,IT
HH4922,2,IT
HH4923,3,IT
HH4924,3,IT
HH4925,2,IT
HH4926,4,IT
HH4927,4,IT
HH4928,2,IT
HH4929,2,IT
HH493,3,IT
HH4930,2,IT
HH4931,4,IT
HH4932,4,IT
HH4933,3,IT
HH4934,3,IT
HH4935,4,IT
HH4936,1,IT
HH4937,2,IT
HH4938,4,IT
HH4939,1,IT
HH494,2,IT
HH4940,4,IT
HH4941,6,IT
HH4942,5,IT
HH4943,4,IT
HH4944,2,IT
HH4945,4,IT
HH4946,7,IT
HH4947,2,IT
HH4948,3,IT
HH4949,4,IT
HH495,1,IT
HH4950,5,IT
HH4951,3,IT
HH4952,1,IT
HH4953,3,IT
HH4954,4,IT
HH4955,4,IT
HH4956,2,IT
HH4957,3,IT
HH4958,4,IT
HH4959,3,IT
HH496,5,IT
HH4960,1,IT
HH4961,1,IT
HH4962,3,IT
HH4963,1,IT
HH4964,2,IT
HH4965,2,IT
HH4966,4,IT
HH4967,4,IT
HH4968,2,IT
HH4969,2,IT
HH497,1,IT
HH4970,2,IT
HH4971,1,IT
HH4972,5,IT
HH4973,1,IT
HH4974,4,IT
HH4975,3,IT
HH4976,5,IT
HH4977,3,IT
HH4978,6,IT
HH4979,4,IT
HH498,1,IT
HH499,2,IT
HH5,3,IT
HH50,4,IT
HH500,2,IT
HH501,2,IT
HH502,2,IT
HH503,1,IT
HH504,4,IT
HH505,1,IT
HH506,5,IT
HH507,3,IT
HH508,4,IT
HH509,3,IT
HH51,4,IT
HH510,4,IT
HH511,3,IT
HH512,2,IT
HH513,1,IT
HH514,1,IT
HH515,4,IT
HH516,4,IT
HH517,3,IT
HH518,6,IT
HH519,4,IT
HH52,3,IT
HH520,3,IT
HH521,1,IT
HH522,1,IT
HH523,1,IT
HH524,4,IT
HH525,2,IT
HH526,2,IT
HH527,6,IT
HH528,2,IT
HH529,1,IT
HH53,3,IT
HH530,2,IT
HH531,2,IT
HH532,4,IT
HH533,2,IT
HH534,4,IT
HH535,1,IT
HH536,4,IT
HH537,2,IT
HH538,4,IT
HH539,1,IT
HH54,4,IT
HH540,1,IT
HH541,3,IT
HH542,2,IT
HH543,3,IT
HH544,1,IT
HH545,2,IT
HH546,2,IT
HH547,4,IT
HH548,5,IT
HH549,3,IT
HH55,4,IT
HH550,2,IT
HH551,2,IT
HH552,3,IT
HH553,2,IT
HH554,1,IT
HH555,3,IT
HH556,3,IT
HH557,3,IT
HH558,3,IT
HH559,2,IT
HH56,4,IT
HH560,3,IT
HH561,3,IT
HH562,3,IT
HH563,5,IT
HH564,2,IT
HH565,2,IT
HH566,4,IT
HH567,3,IT
HH568,4,IT
HH569,3,IT
HH57,3,IT
HH570,1,IT
HH571,1,IT
HH572,4,IT
HH573,3,IT
HH574,3,IT
HH575,3,IT
HH576,4,IT
HH577,4,IT
HH578,4,IT
HH579,3,IT
HH58,5,IT
HH580,3,IT
HH581,4,IT
HH582,5,IT
HH583,4,IT
HH584,3,IT
HH585,3,IT
HH586,3,IT
HH587,3,IT
HH588,3,IT
HH589,4,IT
HH59,2,IT
HH590,1,IT
HH591,2,IT
HH592,3,IT
HH593,4,IT
HH594,4,IT
HH595,1,IT
HH596,3,IT
HH597,1,IT
HH598,2,IT
HH599,2,IT
HH6,2,IT
HH60,2,IT
HH600,4,IT
HH601,3,IT
HH602,2,IT
HH603,4,IT
HH604,2,IT
HH605,1,IT
HH606,4,IT
HH607,4,IT
HH608,3,IT
HH609,3,IT
HH61,2,IT
HH610,3,IT
HH611,3,IT
HH612,2,IT
HH613,3,IT
HH614,4,IT
HH615,4,IT
HH616,2,IT
HH617,4,IT
HH618,2,IT
HH619,1,IT
HH62,2,IT
HH620,3,IT
HH621,4,IT
HH622,2,IT
HH623,5,IT
HH624,2,IT
HH625,3,IT
HH626,3,IT
HH627,3,IT
HH628,3,IT
HH629,6,IT
HH63,2,IT
HH630,4,IT
HH631,3,IT
HH632,3,IT
HH633,3,IT
HH634,3,IT
HH635,4,IT
HH636,1,IT
HH637,2,IT
HH638,2,IT
HH639,4,IT
HH64,4,IT
HH640,4,IT
HH641,2,IT
HH642,5,IT
HH643,5,IT
HH644,4,IT
HH645,3,IT
HH646,2,IT
HH647,2,IT
HH648,3,IT
HH649,4,IT
HH65,3,IT
HH650,2,IT
HH651,3,IT
HH652,3,IT
HH653,6,IT
HH654,3,IT
HH655,3,IT
HH656,3,IT
HH657,2,IT
HH658,3,IT
HH659,2,IT
HH66,4,IT
HH660,1,IT
HH661,3,IT
HH662,4,IT
HH663,2,IT
HH664,3,IT
HH665,4,IT
HH666,2,IT
HH667,2,IT
HH668,5,IT
HH669,1,IT
HH67,2,IT
HH670,1,IT
HH671,2,IT
HH672,4,IT
HH673,4,IT
HH674,3,IT
HH675,3,IT
HH676,4,IT
HH677,2,IT
HH678,2,IT
HH679,4,IT
HH68,3,IT
HH680,5,IT
HH681,5,IT
HH682,4,IT
HH683,3,IT
HH684,7,IT
HH685,4,IT
HH686,4,IT
HH687,5,IT
HH688,4,IT
HH689,3,IT
HH69,4,IT
HH690,5,IT
HH691,1,IT
HH692,2,IT
HH693,2,IT
HH694,2,IT
HH695,3,IT
HH696,5,IT
HH697,2,IT
HH698,2,IT
HH699,2,IT
HH7,2,IT
HH70,2,IT
HH700,4,IT
HH701,2,IT
HH702,3,IT
HH703,4,IT
HH704,2,IT
HH705,4,IT
HH706,3,IT
HH707,2,IT
HH708,5,IT
HH709,2,IT
HH71,4,IT
HH710,2,IT
HH711,2,IT
HH712,2,IT
HH713,2,IT
HH714,1,IT
HH715,2,IT
HH716,1,IT
HH717,3,IT
HH718,4,IT
HH719,3,IT
HH72,3,IT
HH720,4,IT
HH721,5,IT
HH722,4,IT
HH723,4,IT
HH724,4,IT
HH725,1,IT
HH726,2,IT
HH727,2,IT
HH728,1,IT
HH729,3,IT
HH73,3,IT
HH730,3,IT
HH731,2,IT
HH732,2,IT
HH733,4,IT
HH734,1,IT
HH735,4,IT
HH736,2,IT
HH737,2,IT
HH738,1,IT
HH739,2,IT
HH74,3,IT
HH740,1,IT
HH741,3,IT
HH742,3,IT
HH743,1,IT
HH744,4,IT
HH745,1,IT
HH746,2,IT
HH747,1,IT
HH748,5,IT
HH749,2,IT
HH75,4,IT
HH750,2,IT
HH751,2,IT
HH752,3,IT
HH753,4,IT
HH754,1,IT
HH755,2,IT
HH756,1,IT
HH757,2,IT
HH758,2,IT
HH759,2,IT
HH76,3,IT
HH760,4,IT
HH761,4,IT
HH762,4,IT
HH763,4,IT
HH764,2,IT
HH765,4,IT
HH766,1,IT
HH767,4,IT
HH768,3,IT
HH769,3,IT
HH77,2,IT
HH770,2,IT
HH771,5,IT
HH772,5,IT
HH773,4,IT
HH774,3,IT
HH775,5,IT
HH776,3,IT
HH777,2,IT
HH778,1,IT
HH779,1,IT
HH78,2,IT
HH780,3,IT
HH781,2,IT
HH782,3,IT
HH783,2,IT
HH784,1,IT
HH785,2,IT
HH786,2,IT
HH787,3,IT
HH788,1,IT
HH789,2,IT
HH79,3,IT
HH790,4,IT
HH791,3,IT
HH792,4,IT
HH793,2,IT
HH794,2,IT
HH795,2,IT
HH796,2,IT
HH797,4,IT
HH798,2,IT
HH799,2,IT
HH8,3,IT
HH80,3,IT
HH800,3,IT
HH801,2,IT
HH802,3,IT
HH803,2,IT
HH804,4,IT
HH805,3,IT
HH806,3,IT
HH807,2,IT
HH808,3,IT
HH809,4,IT
HH81,3,IT
HH810,2,IT
HH811,4,IT
HH812,3,IT
HH813,3,IT
HH814,3,IT
HH815,4,IT
HH816,4,IT
HH817,3,IT
HH818,3,IT
HH819,3,IT
HH82,5,IT
HH820,1,IT
HH821,4,IT
HH822,4,IT
HH823,4,IT
HH824,3,IT
HH825,1,IT
HH826,3,IT
HH827,3,IT
HH828,3,IT
HH829,3,IT
HH83,5,IT
HH830,3,IT
HH831,3,IT
HH832,4,IT
HH833,3,IT
HH834,2,IT
HH835,2,IT
HH836,2,IT
HH837,4,IT
HH838,3,IT
HH839,2,IT
HH84,4,IT
HH840,4,IT
HH841,2,IT
HH842,3,IT
HH843,1,IT
HH844,3,IT
HH845,3,IT
HH846,4,IT
HH847,4,IT
HH848,2,IT
HH849,3,IT
HH85,4,IT
HH850,3,IT
HH851,3,IT
HH852,2,IT
HH853,2,IT
HH854,5,IT
HH855,4,IT
HH856,2,IT
HH857,5,IT
HH858,4,IT
HH859,4,IT
HH86,3,IT
HH860,4,IT
HH861,3,IT
HH862,4,IT
HH863,8,IT
HH864,1,IT
HH865,3,IT
HH866,4,IT
HH867,2,IT
HH868,5,IT
HH869,2,IT
HH87,1,IT
HH870,1,IT
HH871,2,IT
HH872,2,IT
HH873,4,IT
HH874,1,IT
HH875,3,IT
HH876,3,IT
HH877,4,IT
HH878,3,IT
HH879,4,IT
HH88,4,IT
HH880,4,IT
HH881,3,IT
HH882,2,IT
HH883,2,IT
HH884,3,IT
HH885,2,IT
HH886,2,IT
HH887,5,IT
HH888,3,IT
HH889,3,IT
HH89,2,IT
HH890,4,IT
HH891,4,IT
HH892,4,IT
HH893,2,IT
HH894,3,IT
HH895,4,IT
HH896,4,IT
HH897,3,IT
HH898,4,IT
HH899,3,IT
HH9,3,IT
HH90,5,IT
HH900,4,IT
HH901,5,IT
HH902,1,IT
HH903,4,IT
HH904,2,IT
HH905,4,IT
HH906,4,IT
HH907,1,IT
HH908,3,IT
HH909,4,IT
HH91,4,IT
HH910,2,IT
HH911,1,IT
HH912,4,IT
HH913,3,IT
HH914,3,IT
HH915,2,IT
HH916,4,IT
HH917,4,IT
HH918,1,IT
HH919,3,IT
HH92,5,IT
HH920,1,IT
HH921,4,IT
HH922,5,IT
HH923,1,IT
HH924,1,IT
HH925,3,IT
HH926,4,IT
HH927,2,IT
HH928,2,IT
HH929,5,IT
HH93,2,IT
HH930,1,IT
HH931,1,IT
HH932,3,IT
HH933,2,IT
HH934,3,IT
HH935,3,IT
HH936,1,IT
HH937,2,IT
HH938,4,IT
HH939,2,IT
HH94,4,IT
HH940,3,IT
HH941,4,IT
HH942,2,IT
HH943,3,IT
HH944,2,IT
HH945,2,IT
HH946,3,IT
HH947,3,IT
HH948,3,IT
HH949,4,IT
HH95,2,IT
HH950,5,IT
HH951,5,IT
HH952,2,IT
HH953,1,IT
HH954,1,IT
HH955,2,IT
HH956,4,IT
HH957,2,IT
HH958,4,IT
HH959,2,IT
HH96,4,IT
HH960,3,IT
HH961,1,IT
HH962,4,IT
HH963,4,IT
HH964,2,IT
HH965,3,IT
HH966,3,IT
HH967,4,IT
HH968,3,IT
HH969,2,IT
HH97,4,IT
HH970,3,IT
HH971,5,IT
HH972,2,IT
HH973,4,IT
HH974,5,IT
HH975,3,IT
HH976,5,IT
HH977,2,IT
HH978,2,IT
HH979,3,IT
HH98,4,IT
HH980,2,IT
HH981,2,IT
HH982,3,IT
HH983,3,IT
HH984,3,IT
HH985,3,IT
HH986,3,IT
HH987,2,IT
HH988,3,IT
HH989,4,IT
HH99,3,IT
HH990,3,IT
HH991,2,IT
HH992,3,IT
HH993,4,IT
HH994,2,IT
HH995,1,IT
HH996,3,IT
HH997,2,IT
HH998,3,IT
HH999,3,IT
